-- phpMyAdmin SQL Dump
-- version 4.7.0
-- https://www.phpmyadmin.net/
--
-- Host: 127.0.0.1
-- Generation Time: May 24, 2018 at 04:54 PM
-- Server version: 10.1.25-MariaDB
-- PHP Version: 7.1.7

SET SQL_MODE = "NO_AUTO_VALUE_ON_ZERO";
SET AUTOCOMMIT = 0;
START TRANSACTION;
SET time_zone = "+00:00";


/*!40101 SET @OLD_CHARACTER_SET_CLIENT=@@CHARACTER_SET_CLIENT */;
/*!40101 SET @OLD_CHARACTER_SET_RESULTS=@@CHARACTER_SET_RESULTS */;
/*!40101 SET @OLD_COLLATION_CONNECTION=@@COLLATION_CONNECTION */;
/*!40101 SET NAMES utf8mb4 */;

--
-- Database: `ybs`
--

-- --------------------------------------------------------

--
-- Table structure for table `bus`
--

CREATE TABLE `bus` (
  `id` int(10) UNSIGNED NOT NULL,
  `name` varchar(191) COLLATE utf8mb4_unicode_ci NOT NULL,
  `operator` varchar(191) COLLATE utf8mb4_unicode_ci DEFAULT NULL,
  `user` varchar(191) COLLATE utf8mb4_unicode_ci NOT NULL,
  `password` varchar(191) COLLATE utf8mb4_unicode_ci NOT NULL,
  `server` varchar(191) COLLATE utf8mb4_unicode_ci NOT NULL,
  `route_end_to_start` text COLLATE utf8mb4_unicode_ci,
  `route_start_to_end` text COLLATE utf8mb4_unicode_ci,
  `created_at` timestamp NULL DEFAULT NULL,
  `updated_at` timestamp NULL DEFAULT NULL
) ENGINE=InnoDB DEFAULT CHARSET=utf8mb4 COLLATE=utf8mb4_unicode_ci;

--
-- Dumping data for table `bus`
--

INSERT INTO `bus` (`id`, `name`, `operator`, `user`, `password`, `server`, `route_end_to_start`, `route_start_to_end`, `created_at`, `updated_at`) VALUES
(2, 'YBS-37', 'YBPC', 'BRT', 'manager', 'yangonbus2.selfip.net', '[]', '[\r\n  {\r\n    \"id\": 121,\r\n    \"value\": 121,\r\n    \"label\": \"Gate Haung\",\r\n    \"name\": \"Gate Haung\",\r\n    \"lat\": \"17.0443028\",\r\n    \"long\": \"96.1260146\",\r\n    \"has_corner\": 1,\r\n    \"code\": \"BC 108\",\r\n    \"order\": true,\r\n    \"listfixed\": false\r\n  },\r\n  {\r\n    \"id\": 120,\r\n    \"value\": 120,\r\n    \"label\": \"Htauk Kyant junction\",\r\n    \"name\": \"Htauk Kyant junction\",\r\n    \"lat\": \"17.0423452\",\r\n    \"long\": \"96.1321318\",\r\n    \"has_corner\": 1,\r\n    \"code\": \"BC 107\",\r\n    \"order\": true,\r\n    \"listfixed\": false\r\n  },\r\n  {\r\n    \"id\": 157,\r\n    \"value\": 157,\r\n    \"label\": \"Lann Thit (New Street)\",\r\n    \"name\": \"Lann Thit (New Street)\",\r\n    \"lat\": \"17.0345592\",\r\n    \"long\": \"96.1312032\",\r\n    \"has_corner\": 0,\r\n    \"code\": \"BC104\",\r\n    \"order\": true,\r\n    \"listfixed\": false\r\n  },\r\n  {\r\n    \"id\": 160,\r\n    \"name\": \"Kyaung Shate\",\r\n    \"code\": \"BC-103\",\r\n    \"lat\": \"17.028564\",\r\n    \"long\": \"96.132578\",\r\n    \"has_corner\": 0,\r\n    \"order\": true,\r\n    \"listfixed\": false\r\n  },\r\n  {\r\n    \"id\": 117,\r\n    \"value\": 117,\r\n    \"label\": \"Nwal Khway\",\r\n    \"name\": \"Nwal Khway\",\r\n    \"lat\": \"17.0220990\",\r\n    \"long\": \"96.1345862\",\r\n    \"has_corner\": 1,\r\n    \"code\": \"BC 104\",\r\n    \"order\": true,\r\n    \"listfixed\": false\r\n  },\r\n  {\r\n    \"id\": 116,\r\n    \"value\": 116,\r\n    \"label\": \"CP Live\",\r\n    \"name\": \"CP Live\",\r\n    \"lat\": \"17.0203855\",\r\n    \"long\": \"96.1335478\",\r\n    \"has_corner\": 0,\r\n    \"code\": \"BC 103\",\r\n    \"order\": true,\r\n    \"listfixed\": false\r\n  },\r\n  {\r\n    \"id\": 115,\r\n    \"value\": 115,\r\n    \"label\": \"Daewoo\",\r\n    \"name\": \"Daewoo\",\r\n    \"lat\": \"17.0185300\",\r\n    \"long\": \"96.1318678\",\r\n    \"has_corner\": 1,\r\n    \"code\": \"BC 102\",\r\n    \"order\": true,\r\n    \"listfixed\": false\r\n  },\r\n  {\r\n    \"id\": 114,\r\n    \"value\": 114,\r\n    \"label\": \"Sayy Gal\",\r\n    \"name\": \"Sayy Gal\",\r\n    \"lat\": \"17.0165522\",\r\n    \"long\": \"96.1286372\",\r\n    \"has_corner\": 1,\r\n    \"code\": \"BC 101\",\r\n    \"order\": true,\r\n    \"listfixed\": false\r\n  },\r\n  {\r\n    \"id\": 113,\r\n    \"value\": 113,\r\n    \"label\": \"Mway Myuu Yayy\",\r\n    \"name\": \"Mway Myuu Yayy\",\r\n    \"lat\": \"17.0138634\",\r\n    \"long\": \"96.1273472\",\r\n    \"has_corner\": 0,\r\n    \"code\": \"BC 100\",\r\n    \"order\": true,\r\n    \"listfixed\": false\r\n  },\r\n  {\r\n    \"id\": 112,\r\n    \"value\": 112,\r\n    \"label\": \"Yay Sin\",\r\n    \"name\": \"Yay Sin\",\r\n    \"lat\": \"17.0114517\",\r\n    \"long\": \"96.1275199\",\r\n    \"has_corner\": 0,\r\n    \"code\": \"BC 99\",\r\n    \"order\": true,\r\n    \"listfixed\": false\r\n  },\r\n  {\r\n    \"id\": 111,\r\n    \"value\": 111,\r\n    \"label\": \"Chan Pauk\",\r\n    \"name\": \"Chan Pauk\",\r\n    \"lat\": \"17.0096573\",\r\n    \"long\": \"96.1275489\",\r\n    \"has_corner\": 1,\r\n    \"code\": \"BC 98\",\r\n    \"order\": true,\r\n    \"listfixed\": false\r\n  },\r\n  {\r\n    \"id\": 110,\r\n    \"value\": 110,\r\n    \"label\": \"Gome Htake\",\r\n    \"name\": \"Gome Htake\",\r\n    \"lat\": \"17.0015533\",\r\n    \"long\": \"96.1296433\",\r\n    \"has_corner\": 0,\r\n    \"code\": \"BC 97\",\r\n    \"order\": true,\r\n    \"listfixed\": false\r\n  },\r\n  {\r\n    \"id\": 109,\r\n    \"value\": 109,\r\n    \"label\": \"Phayarr Layy\",\r\n    \"name\": \"Phayarr Layy\",\r\n    \"lat\": \"16.9970355,\",\r\n    \"long\": \"96.1304596\",\r\n    \"has_corner\": 1,\r\n    \"code\": \"BC 96\",\r\n    \"order\": true,\r\n    \"listfixed\": false\r\n  },\r\n  {\r\n    \"id\": 108,\r\n    \"value\": 108,\r\n    \"label\": \"Yal Baw Haung\",\r\n    \"name\": \"Yal Baw Haung\",\r\n    \"lat\": \"16.9916814\",\r\n    \"long\": \"96.1311656\",\r\n    \"has_corner\": 1,\r\n    \"code\": \"BC 95\",\r\n    \"order\": true,\r\n    \"listfixed\": false\r\n  },\r\n  {\r\n    \"id\": 107,\r\n    \"value\": 107,\r\n    \"label\": \"Shan su\",\r\n    \"name\": \"Shan su\",\r\n    \"lat\": \"16.9875495\",\r\n    \"long\": \"96.1272708\",\r\n    \"has_corner\": 1,\r\n    \"code\": \"BC 94\",\r\n    \"order\": true,\r\n    \"listfixed\": false\r\n  },\r\n  {\r\n    \"id\": 106,\r\n    \"value\": 106,\r\n    \"label\": \"Bo Chan\",\r\n    \"name\": \"Bo Chan\",\r\n    \"lat\": \"16.9804699\",\r\n    \"long\": \"96.1268288\",\r\n    \"has_corner\": 1,\r\n    \"code\": \"BC 93\",\r\n    \"order\": true,\r\n    \"listfixed\": false\r\n  },\r\n  {\r\n    \"id\": 105,\r\n    \"value\": 105,\r\n    \"label\": \"Titt Nam Bat\",\r\n    \"name\": \"Titt Nam Bat\",\r\n    \"lat\": \"16.9747932\",\r\n    \"long\": \"96.1242522\",\r\n    \"has_corner\": 1,\r\n    \"code\": \"BC 92\",\r\n    \"order\": true,\r\n    \"listfixed\": false\r\n  },\r\n  {\r\n    \"id\": 104,\r\n    \"value\": 104,\r\n    \"label\": \"Sin Minn\",\r\n    \"name\": \"Sin Minn\",\r\n    \"lat\": \"16.9703600\",\r\n    \"long\": \"96.1266508\",\r\n    \"has_corner\": 1,\r\n    \"code\": \"BC 91\",\r\n    \"order\": true,\r\n    \"listfixed\": false\r\n  },\r\n  {\r\n    \"id\": 103,\r\n    \"value\": 103,\r\n    \"label\": \"Yay Kyi Saing\",\r\n    \"name\": \"Yay Kyi Saing\",\r\n    \"lat\": \"16.9658377\",\r\n    \"long\": \"96.1273142\",\r\n    \"has_corner\": 1,\r\n    \"code\": \"BC 90\",\r\n    \"order\": true,\r\n    \"listfixed\": false\r\n  },\r\n  {\r\n    \"id\": 102,\r\n    \"value\": 102,\r\n    \"label\": \"Wire Lett\",\r\n    \"name\": \"Wire Lett\",\r\n    \"lat\": \"16.9610349\",\r\n    \"long\": \"96.1270935\",\r\n    \"has_corner\": 1,\r\n    \"code\": \"BC 89\",\r\n    \"order\": true,\r\n    \"listfixed\": false\r\n  },\r\n  {\r\n    \"id\": 101,\r\n    \"value\": 101,\r\n    \"label\": \"Kyike Ka Lolt Bus Stop\",\r\n    \"name\": \"Kyike Ka Lolt Bus Stop\",\r\n    \"lat\": \"16.9537690\",\r\n    \"long\": \"96.1276721\",\r\n    \"has_corner\": 1,\r\n    \"code\": \"BC 88\",\r\n    \"order\": true,\r\n    \"listfixed\": false\r\n  },\r\n  {\r\n    \"id\": 100,\r\n    \"value\": 100,\r\n    \"label\": \"Kyike Ka Lei / Supply Bus Stop\",\r\n    \"name\": \"Kyike Ka Lei / Supply Bus Stop\",\r\n    \"lat\": \"16.9444111\",\r\n    \"long\": \"96.1282632\",\r\n    \"has_corner\": 1,\r\n    \"code\": \"BC 87\",\r\n    \"order\": true,\r\n    \"listfixed\": false\r\n  },\r\n  {\r\n    \"id\": 130,\r\n    \"value\": 130,\r\n    \"label\": \"Naing Gan Yayy\",\r\n    \"name\": \"Naing Gan Yayy\",\r\n    \"lat\": \"16.9386513\",\r\n    \"long\": \"96.1295966\",\r\n    \"has_corner\": 0,\r\n    \"code\": \"BC 86\",\r\n    \"order\": true,\r\n    \"listfixed\": false\r\n  },\r\n  {\r\n    \"id\": 129,\r\n    \"value\": 129,\r\n    \"label\": \"Mingalardon Zayy\",\r\n    \"name\": \"Mingalardon Zayy\",\r\n    \"lat\": \"16.9349331\",\r\n    \"long\": \"96.1301855\",\r\n    \"has_corner\": 0,\r\n    \"code\": \"BC 85\",\r\n    \"order\": true,\r\n    \"listfixed\": false\r\n  }\r\n]', '2017-08-03 07:33:23', '2017-08-30 14:01:10'),
(4, 'YBS-21', 'test', 'ybs21', 'ybs21', 'yangonbus.selfip.net', '[\r\n  {\r\n    \"id\": 161,\r\n    \"name\": \"Maw Tin (R)\",\r\n    \"code\": \"BC-000001\",\r\n    \"lat\": \"16.774851\",\r\n    \"long\": \"96.142307\",\r\n    \"has_corner\": 0,\r\n    \"order\": true,\r\n    \"listfixed\": false\r\n  },\r\n  {\r\n    \"id\": 162,\r\n    \"name\": \"San Pya (R)\",\r\n    \"code\": \"BC-000002\",\r\n    \"lat\": \"16.777848\",\r\n    \"long\": \"96.145053\",\r\n    \"has_corner\": 0,\r\n    \"order\": true,\r\n    \"listfixed\": false\r\n  }\r\n]', '[\r\n  {\r\n    \"id\": 11,\r\n    \"value\": 11,\r\n    \"label\": \"West Yangon University (F)\",\r\n    \"name\": \"West Yangon University (F)\",\r\n    \"lat\": \"16.94756\",\r\n    \"long\": \"96.01545\",\r\n    \"has_corner\": 0,\r\n    \"code\": \"BC1\",\r\n    \"order\": true,\r\n    \"listfixed\": false\r\n  },\r\n  {\r\n    \"id\": 12,\r\n    \"value\": 12,\r\n    \"label\": \"Ahsaung Shyae (F)\",\r\n    \"name\": \"Ahsaung Shyae (F)\",\r\n    \"lat\": \"16.94316\",\r\n    \"long\": \"96.02149\",\r\n    \"has_corner\": 0,\r\n    \"code\": \"BC2\",\r\n    \"order\": true,\r\n    \"listfixed\": false\r\n  },\r\n  {\r\n    \"id\": 13,\r\n    \"value\": 13,\r\n    \"label\": \"Thayet  Chan (F)\",\r\n    \"name\": \"Thayet  Chan (F)\",\r\n    \"lat\": \"16.94094\",\r\n    \"long\": \"96.02646\",\r\n    \"has_corner\": 0,\r\n    \"code\": \"BC3\",\r\n    \"order\": true,\r\n    \"listfixed\": false\r\n  },\r\n  {\r\n    \"id\": 14,\r\n    \"value\": 14,\r\n    \"label\": \"Date Kone (F)\",\r\n    \"name\": \"Date Kone (F)\",\r\n    \"lat\": \"16.9338\",\r\n    \"long\": \"96.03849\",\r\n    \"has_corner\": 0,\r\n    \"code\": \"BC4\",\r\n    \"order\": true,\r\n    \"listfixed\": false\r\n  },\r\n  {\r\n    \"id\": 15,\r\n    \"value\": 15,\r\n    \"label\": \"Pauk Tann (F)\",\r\n    \"name\": \"Pauk Tann (F)\",\r\n    \"lat\": \"16.93164\",\r\n    \"long\": \"96.04209\",\r\n    \"has_corner\": 0,\r\n    \"code\": \"BC5\",\r\n    \"order\": true,\r\n    \"listfixed\": false\r\n  },\r\n  {\r\n    \"id\": 16,\r\n    \"value\": 16,\r\n    \"label\": \"Awine (F)\",\r\n    \"name\": \"Awine (F)\",\r\n    \"lat\": \"16.92171\",\r\n    \"long\": \"96.05612\",\r\n    \"has_corner\": 0,\r\n    \"code\": \"BC6\",\r\n    \"order\": true,\r\n    \"listfixed\": false\r\n  },\r\n  {\r\n    \"id\": 17,\r\n    \"value\": 17,\r\n    \"label\": \"Ale Ywar (F)\",\r\n    \"name\": \"Ale Ywar (F)\",\r\n    \"lat\": \"16.91978\",\r\n    \"long\": \"96.0649\",\r\n    \"has_corner\": 1,\r\n    \"code\": \"BC7\",\r\n    \"order\": true,\r\n    \"listfixed\": false\r\n  },\r\n  {\r\n    \"id\": 18,\r\n    \"value\": 18,\r\n    \"label\": \"Mile 20 (F)\",\r\n    \"name\": \"Mile 20 (F)\",\r\n    \"lat\": \"16.92315\",\r\n    \"long\": \"96.07046\",\r\n    \"has_corner\": 0,\r\n    \"code\": \"BC8\",\r\n    \"order\": true,\r\n    \"listfixed\": false\r\n  },\r\n  {\r\n    \"id\": 19,\r\n    \"value\": 19,\r\n    \"label\": \"Ayeyar Myay (F)\",\r\n    \"name\": \"Ayeyar Myay (F)\",\r\n    \"lat\": \"16.92935\",\r\n    \"long\": \"96.08076\",\r\n    \"has_corner\": 0,\r\n    \"code\": \"BC9\",\r\n    \"order\": true,\r\n    \"listfixed\": false\r\n  },\r\n  {\r\n    \"id\": 20,\r\n    \"value\": 20,\r\n    \"label\": \"199 (F)\",\r\n    \"name\": \"199 (F)\",\r\n    \"lat\": \"16.93194\",\r\n    \"long\": \"96.08511\",\r\n    \"has_corner\": 0,\r\n    \"code\": \"BC10\",\r\n    \"order\": true,\r\n    \"listfixed\": false\r\n  },\r\n  {\r\n    \"id\": 21,\r\n    \"value\": 21,\r\n    \"label\": \"14 Lann Sone (F)\",\r\n    \"name\": \"14 Lann Sone (F)\",\r\n    \"lat\": \"16.9335\",\r\n    \"long\": \"96.08809\",\r\n    \"has_corner\": 1,\r\n    \"code\": \"BC11\",\r\n    \"order\": true,\r\n    \"listfixed\": false\r\n  },\r\n  {\r\n    \"id\": 22,\r\n    \"value\": 22,\r\n    \"label\": \"Butar Zay (F)\",\r\n    \"name\": \"Butar Zay (F)\",\r\n    \"lat\": \"16.93386\",\r\n    \"long\": \"96.09393\",\r\n    \"has_corner\": 1,\r\n    \"code\": \"BC12\",\r\n    \"order\": true,\r\n    \"listfixed\": false\r\n  },\r\n  {\r\n    \"id\": 23,\r\n    \"value\": 23,\r\n    \"label\": \"Danyingone Lann Sone (F)\",\r\n    \"name\": \"Danyingone Lann Sone (F)\",\r\n    \"lat\": \"16.93362\",\r\n    \"long\": \"96.1018\",\r\n    \"has_corner\": 0,\r\n    \"code\": \"BC13\",\r\n    \"order\": true,\r\n    \"listfixed\": false\r\n  },\r\n  {\r\n    \"id\": 24,\r\n    \"value\": 24,\r\n    \"label\": \"Bo Chan (F)\",\r\n    \"name\": \"Bo Chan (F)\",\r\n    \"lat\": \"16.93003\",\r\n    \"long\": \"96.10107\",\r\n    \"has_corner\": 0,\r\n    \"code\": \"BC14\",\r\n    \"order\": true,\r\n    \"listfixed\": false\r\n  },\r\n  {\r\n    \"id\": 25,\r\n    \"value\": 25,\r\n    \"label\": \"Ywar Thit (F)\",\r\n    \"name\": \"Ywar Thit (F)\",\r\n    \"lat\": \"16.92579\",\r\n    \"long\": \"96.09875\",\r\n    \"has_corner\": 0,\r\n    \"code\": \"BC15\",\r\n    \"order\": true,\r\n    \"listfixed\": false\r\n  },\r\n  {\r\n    \"id\": 26,\r\n    \"value\": 26,\r\n    \"label\": \"Aung San Zay (F)\",\r\n    \"name\": \"Aung San Zay (F)\",\r\n    \"lat\": \"16.92103\",\r\n    \"long\": \"96.09767\",\r\n    \"has_corner\": 0,\r\n    \"code\": \"BC16\",\r\n    \"order\": true,\r\n    \"listfixed\": false\r\n  },\r\n  {\r\n    \"id\": 27,\r\n    \"value\": 27,\r\n    \"label\": \"Kyaung Gate (F)\",\r\n    \"name\": \"Kyaung Gate (F)\",\r\n    \"lat\": \"16.91844\",\r\n    \"long\": \"96.09752\",\r\n    \"has_corner\": 0,\r\n    \"code\": \"BC17\",\r\n    \"order\": true,\r\n    \"listfixed\": false\r\n  },\r\n  {\r\n    \"id\": 28,\r\n    \"value\": 28,\r\n    \"label\": \"1 Gate (F)\",\r\n    \"name\": \"1 Gate (F)\",\r\n    \"lat\": \"16.91592\",\r\n    \"long\": \"96.09735\",\r\n    \"has_corner\": 0,\r\n    \"code\": \"BC18\",\r\n    \"order\": true,\r\n    \"listfixed\": false\r\n  },\r\n  {\r\n    \"id\": 29,\r\n    \"value\": 29,\r\n    \"label\": \"Saung 2 (F)\",\r\n    \"name\": \"Saung 2 (F)\",\r\n    \"lat\": \"16.91236\",\r\n    \"long\": \"96.0973\",\r\n    \"has_corner\": 0,\r\n    \"code\": \"BC19\",\r\n    \"order\": true,\r\n    \"listfixed\": false\r\n  },\r\n  {\r\n    \"id\": 30,\r\n    \"value\": 30,\r\n    \"label\": \"Phawt Kan Zay (F)\",\r\n    \"name\": \"Phawt Kan Zay (F)\",\r\n    \"lat\": \"16.90826\",\r\n    \"long\": \"96.09772\",\r\n    \"has_corner\": 0,\r\n    \"code\": \"BC20\",\r\n    \"order\": true,\r\n    \"listfixed\": false\r\n  },\r\n  {\r\n    \"id\": 31,\r\n    \"value\": 31,\r\n    \"label\": \"Japan Lann (F)\",\r\n    \"name\": \"Japan Lann (F)\",\r\n    \"lat\": \"16.90453\",\r\n    \"long\": \"96.09767\",\r\n    \"has_corner\": 0,\r\n    \"code\": \"BC21\",\r\n    \"order\": true,\r\n    \"listfixed\": false\r\n  },\r\n  {\r\n    \"id\": 32,\r\n    \"value\": 32,\r\n    \"label\": \"Pyi Taw Thar (F)\",\r\n    \"name\": \"Pyi Taw Thar (F)\",\r\n    \"lat\": \"16.902\",\r\n    \"long\": \"96.09698\",\r\n    \"has_corner\": 1,\r\n    \"code\": \"BC22\",\r\n    \"order\": true,\r\n    \"listfixed\": false\r\n  },\r\n  {\r\n    \"id\": 33,\r\n    \"value\": 33,\r\n    \"label\": \"Thayet Taw (F)\",\r\n    \"name\": \"Thayet Taw (F)\",\r\n    \"lat\": \"16.90239\",\r\n    \"long\": \"96.10304\",\r\n    \"has_corner\": 1,\r\n    \"code\": \"BC23\",\r\n    \"order\": true,\r\n    \"listfixed\": false\r\n  },\r\n  {\r\n    \"id\": 34,\r\n    \"value\": 34,\r\n    \"label\": \"Bo Gone (F)\",\r\n    \"name\": \"Bo Gone (F)\",\r\n    \"lat\": \"16.90113\",\r\n    \"long\": \"96.1065\",\r\n    \"has_corner\": 0,\r\n    \"code\": \"BC24\",\r\n    \"order\": true,\r\n    \"listfixed\": false\r\n  },\r\n  {\r\n    \"id\": 35,\r\n    \"value\": 35,\r\n    \"label\": \"Hyde Park (F)\",\r\n    \"name\": \"Hyde Park (F)\",\r\n    \"lat\": \"16.89919\",\r\n    \"long\": \"96.10583\",\r\n    \"has_corner\": 0,\r\n    \"code\": \"BC25\",\r\n    \"order\": true,\r\n    \"listfixed\": false\r\n  },\r\n  {\r\n    \"id\": 36,\r\n    \"value\": 36,\r\n    \"label\": \"Ma Nya Ka (F)\",\r\n    \"name\": \"Ma Nya Ka (F)\",\r\n    \"lat\": \"16.89664\",\r\n    \"long\": \"96.10515\",\r\n    \"has_corner\": 0,\r\n    \"code\": \"BC26\",\r\n    \"order\": true,\r\n    \"listfixed\": false\r\n  },\r\n  {\r\n    \"id\": 37,\r\n    \"value\": 37,\r\n    \"label\": \"Innsein Hospital (F)\",\r\n    \"name\": \"Innsein Hospital (F)\",\r\n    \"lat\": \"16.89328\",\r\n    \"long\": \"96.10533\",\r\n    \"has_corner\": 0,\r\n    \"code\": \"BC27\",\r\n    \"order\": true,\r\n    \"listfixed\": false\r\n  },\r\n  {\r\n    \"id\": 38,\r\n    \"value\": 38,\r\n    \"label\": \"Innsein Park (F)\",\r\n    \"name\": \"Innsein Park (F)\",\r\n    \"lat\": \"16.88982\",\r\n    \"long\": \"96.10674\",\r\n    \"has_corner\": 1,\r\n    \"code\": \"BC28\",\r\n    \"order\": true,\r\n    \"listfixed\": false\r\n  },\r\n  {\r\n    \"id\": 39,\r\n    \"value\": 39,\r\n    \"label\": \"BOC (F)\",\r\n    \"name\": \"BOC (F)\",\r\n    \"lat\": \"16.88491\",\r\n    \"long\": \"96.11007\",\r\n    \"has_corner\": 0,\r\n    \"code\": \"BC29\",\r\n    \"order\": true,\r\n    \"listfixed\": false\r\n  },\r\n  {\r\n    \"id\": 40,\r\n    \"value\": 40,\r\n    \"label\": \"Gyo Gone (F)\",\r\n    \"name\": \"Gyo Gone (F)\",\r\n    \"lat\": \"16.87885\",\r\n    \"long\": \"96.11253\",\r\n    \"has_corner\": 0,\r\n    \"code\": \"BC30\",\r\n    \"order\": true,\r\n    \"listfixed\": false\r\n  },\r\n  {\r\n    \"id\": 41,\r\n    \"value\": 41,\r\n    \"label\": \"BPI (F)\",\r\n    \"name\": \"BPI (F)\",\r\n    \"lat\": \"16.87496\",\r\n    \"long\": \"96.11646\",\r\n    \"has_corner\": 0,\r\n    \"code\": \"BC31\",\r\n    \"order\": true,\r\n    \"listfixed\": false\r\n  },\r\n  {\r\n    \"id\": 42,\r\n    \"value\": 42,\r\n    \"label\": \"Khawae Chan\",\r\n    \"name\": \"Khawae Chan\",\r\n    \"lat\": \"16.87022\",\r\n    \"long\": \"96.11936\",\r\n    \"has_corner\": 0,\r\n    \"code\": \"BC32\",\r\n    \"order\": true,\r\n    \"listfixed\": false\r\n  },\r\n  {\r\n    \"id\": 43,\r\n    \"value\": 43,\r\n    \"label\": \"Kalar Kyaung\",\r\n    \"name\": \"Kalar Kyaung\",\r\n    \"lat\": \"16.86552\",\r\n    \"long\": \"96.12079\",\r\n    \"has_corner\": 0,\r\n    \"code\": \"BC33\",\r\n    \"order\": true,\r\n    \"listfixed\": false\r\n  },\r\n  {\r\n    \"id\": 44,\r\n    \"value\": 44,\r\n    \"label\": \"Thamine Lann Sone\",\r\n    \"name\": \"Thamine Lann Sone\",\r\n    \"lat\": \"16.86361\",\r\n    \"long\": \"96.12146\",\r\n    \"has_corner\": 0,\r\n    \"code\": \"BC34\",\r\n    \"order\": true,\r\n    \"listfixed\": false\r\n  },\r\n  {\r\n    \"id\": 45,\r\n    \"value\": 45,\r\n    \"label\": \"Phayar Lann\",\r\n    \"name\": \"Phayar Lann\",\r\n    \"lat\": \"16.8585\",\r\n    \"long\": \"96.12347\",\r\n    \"has_corner\": 0,\r\n    \"code\": \"BC35\",\r\n    \"order\": true,\r\n    \"listfixed\": false\r\n  },\r\n  {\r\n    \"id\": 46,\r\n    \"value\": 46,\r\n    \"label\": \"Oak Kyin\",\r\n    \"name\": \"Oak Kyin\",\r\n    \"lat\": \"16.85548\",\r\n    \"long\": \"96.12373\",\r\n    \"has_corner\": 0,\r\n    \"code\": \"BC36\",\r\n    \"order\": true,\r\n    \"listfixed\": false\r\n  },\r\n  {\r\n    \"id\": 47,\r\n    \"value\": 47,\r\n    \"label\": \"Bar Tar\",\r\n    \"name\": \"Bar Tar\",\r\n    \"lat\": \"16.85219\",\r\n    \"long\": \"96.12422\",\r\n    \"has_corner\": 0,\r\n    \"code\": \"BC37\",\r\n    \"order\": true,\r\n    \"listfixed\": false\r\n  },\r\n  {\r\n    \"id\": 48,\r\n    \"value\": 48,\r\n    \"label\": \"Than Lann\",\r\n    \"name\": \"Than Lann\",\r\n    \"lat\": \"16.84632\",\r\n    \"long\": \"96.12561\",\r\n    \"has_corner\": 0,\r\n    \"code\": \"BC38\",\r\n    \"order\": true,\r\n    \"listfixed\": false\r\n  },\r\n  {\r\n    \"id\": 49,\r\n    \"value\": 49,\r\n    \"label\": \"Thu Kha\",\r\n    \"name\": \"Thu Kha\",\r\n    \"lat\": \"16.84111\",\r\n    \"long\": \"96.12682\",\r\n    \"has_corner\": 0,\r\n    \"code\": \"BC39\",\r\n    \"order\": true,\r\n    \"listfixed\": false\r\n  },\r\n  {\r\n    \"id\": 50,\r\n    \"value\": 50,\r\n    \"label\": \"Butaryone Lann\",\r\n    \"name\": \"Butaryone Lann\",\r\n    \"lat\": \"16.83826\",\r\n    \"long\": \"96.12754\",\r\n    \"has_corner\": 0,\r\n    \"code\": \"BC40\",\r\n    \"order\": true,\r\n    \"listfixed\": false\r\n  },\r\n  {\r\n    \"id\": 51,\r\n    \"value\": 51,\r\n    \"label\": \"Sinyay Twin\",\r\n    \"name\": \"Sinyay Twin\",\r\n    \"lat\": \"16.8345\",\r\n    \"long\": \"96.12861\",\r\n    \"has_corner\": 0,\r\n    \"code\": \"BC41\",\r\n    \"order\": true,\r\n    \"listfixed\": false\r\n  },\r\n  {\r\n    \"id\": 52,\r\n    \"value\": 52,\r\n    \"label\": \"Sanyeik Nyein\",\r\n    \"name\": \"Sanyeik Nyein\",\r\n    \"lat\": \"16.83113\",\r\n    \"long\": \"96.12964\",\r\n    \"has_corner\": 0,\r\n    \"code\": \"BC42\",\r\n    \"order\": true,\r\n    \"listfixed\": false\r\n  },\r\n  {\r\n    \"id\": 53,\r\n    \"value\": 53,\r\n    \"label\": \"Hledan\",\r\n    \"name\": \"Hledan\",\r\n    \"lat\": \"16.82843\",\r\n    \"long\": \"96.13034\",\r\n    \"has_corner\": 0,\r\n    \"code\": \"BC43\",\r\n    \"order\": true,\r\n    \"listfixed\": false\r\n  },\r\n  {\r\n    \"id\": 54,\r\n    \"value\": 54,\r\n    \"label\": \"Sikepyo Yay\",\r\n    \"name\": \"Sikepyo Yay\",\r\n    \"lat\": \"16.81788\",\r\n    \"long\": \"96.13322\",\r\n    \"has_corner\": 0,\r\n    \"code\": \"BC44\",\r\n    \"order\": true,\r\n    \"listfixed\": false\r\n  },\r\n  {\r\n    \"id\": 55,\r\n    \"value\": 55,\r\n    \"label\": \"Hanthar Wati Awine\",\r\n    \"name\": \"Hanthar Wati Awine\",\r\n    \"lat\": \"16.81172\",\r\n    \"long\": \"96.13502\",\r\n    \"has_corner\": 0,\r\n    \"code\": \"BC45\",\r\n    \"order\": true,\r\n    \"listfixed\": false\r\n  },\r\n  {\r\n    \"id\": 56,\r\n    \"value\": 56,\r\n    \"label\": \"Mahar Myaing\",\r\n    \"name\": \"Mahar Myaing\",\r\n    \"lat\": \"16.80911\",\r\n    \"long\": \"96.13578\",\r\n    \"has_corner\": 0,\r\n    \"code\": \"BC46\",\r\n    \"order\": true,\r\n    \"listfixed\": false\r\n  },\r\n  {\r\n    \"id\": 57,\r\n    \"value\": 57,\r\n    \"label\": \"Myayni Gone\",\r\n    \"name\": \"Myayni Gone\",\r\n    \"lat\": \"16.80689\",\r\n    \"long\": \"96.13645\",\r\n    \"has_corner\": 0,\r\n    \"code\": \"BC47\",\r\n    \"order\": true,\r\n    \"listfixed\": false\r\n  },\r\n  {\r\n    \"id\": 58,\r\n    \"value\": 58,\r\n    \"label\": \"Helpin\",\r\n    \"name\": \"Helpin\",\r\n    \"lat\": \"16.79211\",\r\n    \"long\": \"96.14063\",\r\n    \"has_corner\": 0,\r\n    \"code\": \"BC48\",\r\n    \"order\": true,\r\n    \"listfixed\": false\r\n  },\r\n  {\r\n    \"id\": 59,\r\n    \"value\": 59,\r\n    \"label\": \"Pegu Club\",\r\n    \"name\": \"Pegu Club\",\r\n    \"lat\": \"16.78764\",\r\n    \"long\": \"96.14211\",\r\n    \"has_corner\": 0,\r\n    \"code\": \"BC49\",\r\n    \"order\": true,\r\n    \"listfixed\": false\r\n  },\r\n  {\r\n    \"id\": 60,\r\n    \"value\": 60,\r\n    \"label\": \"Sein Kyun\",\r\n    \"name\": \"Sein Kyun\",\r\n    \"lat\": \"16.782931\",\r\n    \"long\": \"96.143595\",\r\n    \"has_corner\": 0,\r\n    \"code\": \"BC50\",\r\n    \"order\": true,\r\n    \"listfixed\": false\r\n  },\r\n  {\r\n    \"id\": 61,\r\n    \"value\": 61,\r\n    \"label\": \"Sanpya\",\r\n    \"name\": \"Sanpya\",\r\n    \"lat\": \"16.779009\",\r\n    \"long\": \"96.144930\",\r\n    \"has_corner\": 1,\r\n    \"code\": \"BC51\",\r\n    \"order\": true,\r\n    \"listfixed\": false\r\n  },\r\n  {\r\n    \"id\": 62,\r\n    \"value\": 62,\r\n    \"label\": \"Maw Tin\",\r\n    \"name\": \"Maw Tin\",\r\n    \"lat\": \"16.7742\",\r\n    \"long\": \"96.14277\",\r\n    \"has_corner\": 1,\r\n    \"code\": \"BC52\",\r\n    \"order\": true,\r\n    \"listfixed\": false\r\n  }\r\n]', '2017-08-10 04:45:17', '2017-08-18 21:43:37'),
(5, 'YBS-39', 'YBS-39', 'ybs39', 'manager', 'yangonbus.selfip.net', NULL, NULL, '2017-08-17 18:38:24', '2017-08-17 18:41:19'),
(6, 'YBS-25', 'Bandoola', 'ybs25', 'manager', 'yangonbus.selfip.net', '[\r\n  {\r\n    \"id\": 13,\r\n    \"value\": 13,\r\n    \"label\": \"Thayet  Chan (F)\",\r\n    \"name\": \"Thayet  Chan (F)\",\r\n    \"lat\": \"16.94094\",\r\n    \"long\": \"96.02646\",\r\n    \"has_corner\": 0,\r\n    \"code\": \"BC3\",\r\n    \"order\": true,\r\n    \"listfixed\": false\r\n  },\r\n  {\r\n    \"id\": 18,\r\n    \"value\": 18,\r\n    \"label\": \"Mile 20 (F)\",\r\n    \"name\": \"Mile 20 (F)\",\r\n    \"lat\": \"16.9227723\",\r\n    \"long\": \"96.0695691\",\r\n    \"has_corner\": 0,\r\n    \"code\": \"BC8\",\r\n    \"order\": true,\r\n    \"listfixed\": false\r\n  },\r\n  {\r\n    \"id\": 16,\r\n    \"value\": 16,\r\n    \"label\": \"Awine (F)\",\r\n    \"name\": \"Awine (F)\",\r\n    \"lat\": \"16.9217784\",\r\n    \"long\": \"96.0561876\",\r\n    \"has_corner\": 0,\r\n    \"code\": \"BC6\",\r\n    \"order\": true,\r\n    \"listfixed\": false\r\n  },\r\n  {\r\n    \"id\": 159,\r\n    \"name\": \"Test\",\r\n    \"code\": \"1234\",\r\n    \"lat\": \"12.334343\",\r\n    \"long\": \"12.343433\",\r\n    \"has_corner\": 0,\r\n    \"order\": true,\r\n    \"listfixed\": false\r\n  }\r\n]', '[\r\n  {\r\n    \"id\": 13,\r\n    \"value\": 13,\r\n    \"label\": \"Thayet  Chan (F)\",\r\n    \"name\": \"Thayet  Chan (F)\",\r\n    \"lat\": \"16.94094\",\r\n    \"long\": \"96.02646\",\r\n    \"has_corner\": 0,\r\n    \"code\": \"BC3\",\r\n    \"order\": true,\r\n    \"listfixed\": false\r\n  },\r\n  {\r\n    \"id\": 16,\r\n    \"value\": 16,\r\n    \"label\": \"Awine (F)\",\r\n    \"name\": \"Awine (F)\",\r\n    \"lat\": \"16.9217784\",\r\n    \"long\": \"96.0561876\",\r\n    \"has_corner\": 0,\r\n    \"code\": \"BC6\",\r\n    \"order\": true,\r\n    \"listfixed\": false\r\n  },\r\n  {\r\n    \"id\": 20,\r\n    \"value\": 20,\r\n    \"label\": \"199 (F)\",\r\n    \"name\": \"199 (F)\",\r\n    \"lat\": \"16.9320410\",\r\n    \"long\": \"96.0852461\",\r\n    \"has_corner\": 0,\r\n    \"code\": \"BC10\",\r\n    \"order\": true,\r\n    \"listfixed\": false\r\n  }\r\n]', '2017-08-17 18:40:40', '2017-08-18 06:39:21'),
(7, 'YBS-30 (Pyay)', 'Bandoola', 'ybs30', 'manager', 'yangonbus.selfip.net', NULL, NULL, '2017-08-17 22:43:25', '2018-03-12 06:48:04'),
(8, 'YBS-30 (Thamine)', 'Bandoola', 'ybs30', 'manager', 'yangonbus.selfip.net', NULL, NULL, '2017-09-12 06:06:23', '2018-03-15 05:29:30'),
(9, 'YBS-38', 'Bandoola', 'ybs38', 'manager', 'yangonbus.selfip.net', NULL, NULL, '2017-10-14 12:42:46', '2017-10-14 12:42:46'),
(10, 'YBS-14', 'Bandoola', 'ybs14', 'manager', 'yangonbus.selfip.net', NULL, NULL, '2017-11-17 05:43:11', '2017-11-18 05:03:01'),
(11, 'YBS-12', 'Bandoola', 'ybs12', 'manager', 'yangonbus.selfip.net', NULL, NULL, '2017-11-23 12:04:12', '2017-11-23 12:04:12'),
(13, 'Test', 'Bandoola', 'test', 'manager', 'yangonbus.selfip.net', NULL, NULL, '2017-12-09 07:50:48', '2017-12-09 07:50:48');

-- --------------------------------------------------------

--
-- Table structure for table `bus_busstop`
--

CREATE TABLE `bus_busstop` (
  `id` int(10) UNSIGNED NOT NULL,
  `bus_id` int(11) NOT NULL,
  `busstop_id` int(11) NOT NULL,
  `type` varchar(191) COLLATE utf8mb4_unicode_ci DEFAULT NULL,
  `order` int(11) NOT NULL DEFAULT '0'
) ENGINE=InnoDB DEFAULT CHARSET=utf8mb4 COLLATE=utf8mb4_unicode_ci;

--
-- Dumping data for table `bus_busstop`
--

INSERT INTO `bus_busstop` (`id`, `bus_id`, `busstop_id`, `type`, `order`) VALUES
(1, 3, 11, NULL, 0),
(2, 3, 12, NULL, 0),
(3, 3, 13, NULL, 0),
(4, 3, 14, NULL, 0),
(5, 3, 15, NULL, 0),
(6, 3, 16, NULL, 0),
(151, 1, 3, NULL, 0),
(152, 1, 4, NULL, 0),
(153, 1, 5, NULL, 0),
(154, 1, 6, NULL, 0),
(155, 1, 7, NULL, 0),
(156, 1, 8, NULL, 0),
(157, 1, 9, NULL, 0),
(158, 1, 10, NULL, 0),
(955, 4, 11, 'F', 0),
(956, 4, 12, 'F', 1),
(957, 4, 13, 'F', 2),
(958, 4, 14, 'F', 3),
(959, 4, 15, 'F', 4),
(960, 4, 16, 'F', 5),
(961, 4, 17, 'F', 6),
(962, 4, 18, 'F', 7),
(963, 4, 19, 'F', 8),
(964, 4, 20, 'F', 9),
(965, 4, 21, 'F', 10),
(966, 4, 22, 'F', 11),
(967, 4, 23, 'F', 12),
(968, 4, 24, 'F', 13),
(969, 4, 25, 'F', 14),
(970, 4, 26, 'F', 15),
(971, 4, 27, 'F', 16),
(972, 4, 28, 'F', 17),
(973, 4, 29, 'F', 18),
(974, 4, 30, 'F', 19),
(975, 4, 31, 'F', 20),
(976, 4, 32, 'F', 21),
(977, 4, 33, 'F', 22),
(978, 4, 34, 'F', 23),
(979, 4, 167, 'F', 24),
(980, 4, 36, 'F', 25),
(981, 4, 37, 'F', 26),
(982, 4, 38, 'F', 27),
(983, 4, 39, 'F', 28),
(984, 4, 40, 'F', 29),
(985, 4, 41, 'F', 30),
(986, 4, 42, 'F', 31),
(987, 4, 43, 'F', 32),
(988, 4, 44, 'F', 33),
(989, 4, 45, 'F', 34),
(990, 4, 46, 'F', 35),
(991, 4, 47, 'F', 36),
(992, 4, 48, 'F', 37),
(993, 4, 49, 'F', 38),
(994, 4, 50, 'F', 39),
(995, 4, 51, 'F', 40),
(996, 4, 52, 'F', 41),
(997, 4, 53, 'F', 42),
(998, 4, 54, 'F', 43),
(999, 4, 55, 'F', 44),
(1000, 4, 56, 'F', 45),
(1001, 4, 57, 'F', 46),
(1002, 4, 58, 'F', 47),
(1003, 4, 59, 'F', 48),
(1004, 4, 60, 'F', 49),
(1005, 4, 163, 'F', 50),
(1006, 4, 62, 'F', 51),
(1007, 4, 161, 'R', 0),
(1008, 4, 162, 'R', 1),
(1009, 4, 169, 'R', 2),
(1010, 4, 170, 'R', 3),
(1011, 4, 171, 'R', 4),
(1012, 4, 172, 'R', 5),
(1013, 4, 173, 'R', 6),
(1014, 4, 174, 'R', 7),
(1015, 4, 175, 'R', 8),
(1016, 4, 176, 'R', 9),
(1017, 4, 177, 'R', 10),
(1018, 4, 178, 'R', 11),
(1019, 4, 179, 'R', 12),
(1020, 4, 180, 'R', 13),
(1021, 4, 181, 'R', 14),
(1022, 4, 182, 'R', 15),
(1023, 4, 183, 'R', 16),
(1024, 4, 184, 'R', 17),
(1025, 4, 185, 'R', 18),
(1026, 4, 186, 'R', 19),
(1027, 4, 187, 'R', 20),
(1028, 4, 188, 'R', 21),
(1029, 4, 189, 'R', 22),
(1030, 4, 190, 'R', 23),
(1031, 4, 191, 'R', 24),
(1032, 4, 192, 'R', 25),
(1033, 4, 193, 'R', 26),
(1034, 4, 194, 'R', 27),
(1035, 4, 195, 'R', 28),
(1036, 4, 196, 'R', 29),
(1037, 4, 197, 'R', 30),
(1038, 4, 198, 'R', 31),
(1039, 4, 199, 'R', 32),
(1040, 4, 200, 'R', 33),
(1041, 4, 201, 'R', 34),
(1042, 4, 202, 'R', 35),
(1043, 4, 203, 'R', 36),
(1044, 4, 204, 'R', 37),
(1045, 4, 218, 'R', 38),
(1046, 4, 205, 'R', 39),
(1047, 4, 206, 'R', 40),
(1048, 4, 207, 'R', 41),
(1049, 4, 208, 'R', 42),
(1050, 4, 209, 'R', 43),
(1051, 4, 210, 'R', 44),
(1052, 4, 211, 'R', 45),
(1053, 4, 212, 'R', 46),
(1054, 4, 213, 'R', 47),
(1055, 4, 214, 'R', 48),
(1056, 4, 215, 'R', 49),
(1057, 4, 216, 'R', 50),
(1058, 4, 217, 'R', 51),
(1191, 5, 241, 'F', 0),
(1192, 5, 243, 'F', 1),
(1193, 5, 242, 'F', 2),
(1194, 5, 244, 'F', 3),
(1195, 5, 245, 'F', 4),
(1196, 5, 246, 'F', 5),
(1197, 5, 247, 'F', 6),
(1198, 5, 248, 'F', 7),
(1199, 5, 249, 'F', 8),
(1200, 5, 250, 'F', 9),
(1201, 5, 251, 'F', 10),
(1202, 5, 252, 'F', 11),
(1203, 5, 253, 'F', 12),
(1204, 5, 254, 'F', 13),
(1205, 5, 255, 'F', 14),
(1206, 5, 256, 'F', 15),
(1207, 5, 257, 'F', 16),
(1208, 5, 258, 'F', 17),
(1209, 5, 259, 'F', 18),
(1210, 5, 260, 'F', 19),
(1211, 5, 261, 'F', 20),
(1212, 5, 262, 'F', 21),
(1213, 5, 263, 'F', 22),
(1214, 5, 264, 'F', 23),
(1215, 5, 265, 'F', 24),
(1216, 5, 266, 'F', 25),
(1217, 5, 267, 'F', 26),
(1218, 5, 268, 'F', 27),
(1219, 5, 23, 'F', 28),
(1220, 5, 24, 'F', 29),
(1221, 5, 25, 'F', 30),
(1222, 5, 26, 'F', 31),
(1223, 5, 27, 'F', 32),
(1224, 5, 28, 'F', 33),
(1225, 5, 29, 'F', 34),
(1226, 5, 30, 'F', 35),
(1227, 5, 31, 'F', 36),
(1228, 5, 269, 'F', 37),
(1229, 5, 270, 'F', 38),
(1230, 5, 271, 'F', 39),
(1231, 5, 272, 'F', 40),
(1232, 5, 273, 'F', 41),
(1233, 5, 39, 'F', 42),
(1234, 5, 40, 'F', 43),
(1235, 5, 41, 'F', 44),
(1236, 5, 42, 'F', 45),
(1237, 5, 43, 'F', 46),
(1238, 5, 44, 'F', 47),
(1239, 5, 45, 'F', 48),
(1240, 5, 46, 'F', 49),
(1241, 5, 47, 'F', 50),
(1242, 5, 48, 'F', 51),
(1243, 5, 49, 'F', 52),
(1244, 5, 50, 'F', 53),
(1245, 5, 51, 'F', 54),
(1246, 5, 52, 'F', 55),
(1247, 5, 53, 'F', 56),
(1248, 5, 54, 'F', 57),
(1249, 5, 55, 'F', 58),
(1250, 5, 56, 'F', 59),
(1251, 5, 57, 'F', 60),
(1252, 5, 58, 'F', 61),
(1253, 5, 59, 'F', 62),
(1254, 5, 60, 'F', 63),
(1255, 5, 163, 'F', 64),
(1256, 5, 62, 'F', 65),
(1257, 5, 161, 'R', 0),
(1258, 5, 162, 'R', 1),
(1259, 5, 169, 'R', 2),
(1260, 5, 170, 'R', 3),
(1261, 5, 171, 'R', 4),
(1262, 5, 172, 'R', 5),
(1263, 5, 173, 'R', 6),
(1264, 5, 174, 'R', 7),
(1265, 5, 175, 'R', 8),
(1266, 5, 176, 'R', 9),
(1267, 5, 177, 'R', 10),
(1268, 5, 178, 'R', 11),
(1269, 5, 179, 'R', 12),
(1270, 5, 180, 'R', 13),
(1271, 5, 181, 'R', 14),
(1272, 5, 182, 'R', 15),
(1273, 5, 183, 'R', 16),
(1274, 5, 184, 'R', 17),
(1275, 5, 185, 'R', 18),
(1276, 5, 186, 'R', 19),
(1277, 5, 187, 'R', 20),
(1278, 5, 188, 'R', 21),
(1279, 5, 189, 'R', 22),
(1280, 5, 190, 'R', 23),
(1281, 5, 274, 'R', 24),
(1282, 5, 275, 'R', 25),
(1283, 5, 276, 'R', 26),
(1284, 5, 277, 'R', 27),
(1285, 5, 278, 'R', 28),
(1286, 5, 198, 'R', 29),
(1287, 5, 199, 'R', 30),
(1288, 5, 200, 'R', 31),
(1289, 5, 201, 'R', 32),
(1290, 5, 202, 'R', 33),
(1291, 5, 203, 'R', 34),
(1292, 5, 204, 'R', 35),
(1293, 5, 218, 'R', 36),
(1294, 5, 205, 'R', 37),
(1295, 5, 279, 'R', 38),
(1296, 5, 280, 'R', 39),
(1297, 5, 281, 'R', 40),
(1298, 5, 282, 'R', 41),
(1299, 5, 283, 'R', 42),
(1300, 5, 284, 'R', 43),
(1301, 5, 285, 'R', 44),
(1302, 5, 286, 'R', 45),
(1303, 5, 287, 'R', 46),
(1304, 5, 288, 'R', 47),
(1305, 5, 289, 'R', 48),
(1306, 5, 290, 'R', 49),
(1307, 5, 291, 'R', 50),
(1308, 5, 292, 'R', 51),
(1309, 5, 293, 'R', 52),
(1310, 5, 294, 'R', 53),
(1311, 5, 295, 'R', 54),
(1312, 5, 296, 'R', 55),
(1313, 5, 297, 'R', 56),
(1314, 5, 298, 'R', 57),
(1315, 5, 299, 'R', 58),
(1316, 5, 300, 'R', 59),
(1317, 5, 301, 'R', 60),
(1318, 5, 302, 'R', 61),
(1319, 5, 303, 'R', 62),
(1320, 5, 304, 'R', 63),
(1321, 5, 305, 'R', 64),
(1322, 5, 306, 'R', 65),
(1875, 6, 307, 'F', 0),
(1876, 6, 408, 'F', 1),
(1877, 6, 309, 'F', 2),
(1878, 6, 310, 'F', 3),
(1879, 6, 311, 'F', 4),
(1880, 6, 407, 'F', 5),
(1881, 6, 312, 'F', 6),
(1882, 6, 313, 'F', 7),
(1883, 6, 314, 'F', 8),
(1884, 6, 315, 'F', 9),
(1885, 6, 316, 'F', 10),
(1886, 6, 317, 'F', 11),
(1887, 6, 318, 'F', 12),
(1888, 6, 319, 'F', 13),
(1889, 6, 320, 'F', 14),
(1890, 6, 321, 'F', 15),
(1891, 6, 322, 'F', 16),
(1892, 6, 323, 'F', 17),
(1893, 6, 324, 'F', 18),
(1894, 6, 326, 'F', 19),
(1895, 6, 327, 'F', 20),
(1896, 6, 328, 'F', 21),
(1897, 6, 329, 'F', 22),
(1898, 6, 330, 'F', 23),
(1899, 6, 331, 'F', 24),
(1900, 6, 332, 'F', 25),
(1901, 6, 333, 'F', 26),
(1902, 6, 334, 'F', 27),
(1903, 6, 335, 'F', 28),
(1904, 6, 336, 'F', 29),
(1905, 6, 337, 'F', 30),
(1906, 6, 338, 'F', 31),
(1907, 6, 339, 'F', 32),
(1908, 6, 340, 'F', 33),
(1909, 6, 341, 'F', 34),
(1910, 6, 342, 'F', 35),
(1911, 6, 343, 'F', 36),
(1912, 6, 344, 'F', 37),
(1913, 6, 345, 'F', 38),
(1914, 6, 346, 'F', 39),
(1915, 6, 347, 'F', 40),
(1916, 6, 348, 'F', 41),
(1917, 6, 349, 'F', 42),
(1918, 6, 350, 'F', 43),
(1919, 6, 351, 'F', 44),
(1920, 6, 352, 'F', 45),
(1921, 6, 353, 'F', 46),
(1922, 6, 354, 'F', 47),
(1923, 6, 355, 'F', 48),
(1924, 6, 356, 'F', 49),
(1925, 6, 357, 'F', 50),
(1926, 6, 358, 'R', 0),
(1927, 6, 359, 'R', 1),
(1928, 6, 360, 'R', 2),
(1929, 6, 361, 'R', 3),
(1930, 6, 362, 'R', 4),
(1931, 6, 363, 'R', 5),
(1932, 6, 364, 'R', 6),
(1933, 6, 365, 'R', 7),
(1934, 6, 366, 'R', 8),
(1935, 6, 367, 'R', 9),
(1936, 6, 368, 'R', 10),
(1937, 6, 406, 'R', 11),
(1938, 6, 369, 'R', 12),
(1939, 6, 370, 'R', 13),
(1940, 6, 371, 'R', 14),
(1941, 6, 372, 'R', 15),
(1942, 6, 373, 'R', 16),
(1943, 6, 374, 'R', 17),
(1944, 6, 375, 'R', 18),
(1945, 6, 376, 'R', 19),
(1946, 6, 377, 'R', 20),
(1947, 6, 378, 'R', 21),
(1948, 6, 379, 'R', 22),
(1949, 6, 380, 'R', 23),
(1950, 6, 381, 'R', 24),
(1951, 6, 382, 'R', 25),
(1952, 6, 383, 'R', 26),
(1953, 6, 384, 'R', 27),
(1954, 6, 385, 'R', 28),
(1955, 6, 386, 'R', 29),
(1956, 6, 387, 'R', 30),
(1957, 6, 388, 'R', 31),
(1958, 6, 389, 'R', 32),
(1959, 6, 390, 'R', 33),
(1960, 6, 391, 'R', 34),
(1961, 6, 392, 'R', 35),
(1962, 6, 393, 'R', 36),
(1963, 6, 394, 'R', 37),
(1964, 6, 395, 'R', 38),
(1965, 6, 396, 'R', 39),
(1966, 6, 397, 'R', 40),
(1967, 6, 398, 'R', 41),
(1968, 6, 399, 'R', 42),
(1969, 6, 400, 'R', 43),
(1970, 6, 308, 'R', 44),
(1971, 6, 401, 'R', 45),
(1972, 6, 402, 'R', 46),
(1973, 6, 403, 'R', 47),
(1974, 6, 404, 'R', 48),
(1975, 6, 405, 'R', 49),
(4294, 2, 156, 'F', 0),
(4295, 2, 155, 'F', 1),
(4296, 2, 157, 'F', 2),
(4297, 2, 160, 'F', 3),
(4298, 2, 147, 'F', 4),
(4299, 2, 146, 'F', 5),
(4300, 2, 145, 'F', 6),
(4301, 2, 528, 'F', 7),
(4302, 2, 144, 'F', 8),
(4303, 2, 143, 'F', 9),
(4304, 2, 142, 'F', 10),
(4305, 2, 141, 'F', 11),
(4306, 2, 140, 'F', 12),
(4307, 2, 139, 'F', 13),
(4308, 2, 138, 'F', 14),
(4309, 2, 137, 'F', 15),
(4310, 2, 136, 'F', 16),
(4311, 2, 135, 'F', 17),
(4312, 2, 134, 'F', 18),
(4313, 2, 133, 'F', 19),
(4314, 2, 132, 'F', 20),
(4315, 2, 131, 'F', 21),
(4316, 2, 130, 'F', 22),
(4317, 2, 129, 'F', 23),
(4318, 2, 97, 'F', 24),
(4319, 2, 96, 'F', 25),
(4320, 2, 95, 'F', 26),
(4321, 2, 94, 'F', 27),
(4322, 2, 93, 'F', 28),
(4323, 2, 92, 'F', 29),
(4324, 2, 91, 'F', 30),
(4325, 2, 90, 'F', 31),
(4326, 2, 88, 'F', 32),
(4327, 2, 87, 'F', 33),
(4328, 2, 89, 'F', 34),
(4329, 2, 86, 'F', 35),
(4330, 2, 85, 'F', 36),
(4331, 2, 84, 'F', 37),
(4332, 2, 83, 'F', 38),
(4333, 2, 490, 'F', 39),
(4334, 2, 491, 'F', 40),
(4335, 2, 492, 'F', 41),
(4336, 2, 493, 'F', 42),
(4337, 2, 494, 'F', 43),
(4338, 2, 495, 'F', 44),
(4339, 2, 54, 'F', 45),
(4340, 2, 55, 'F', 46),
(4341, 2, 56, 'F', 47),
(4342, 2, 57, 'F', 48),
(4343, 2, 58, 'F', 49),
(4344, 2, 59, 'F', 50),
(4345, 2, 60, 'F', 51),
(4346, 2, 529, 'F', 52),
(4347, 2, 530, 'F', 53),
(4348, 2, 531, 'F', 54),
(4349, 2, 532, 'F', 55),
(4350, 2, 66, 'F', 56),
(4351, 2, 572, 'R', 0),
(4352, 2, 67, 'R', 1),
(4353, 2, 68, 'R', 2),
(4354, 2, 69, 'R', 3),
(4355, 2, 70, 'R', 4),
(4356, 2, 169, 'R', 5),
(4357, 2, 170, 'R', 6),
(4358, 2, 171, 'R', 7),
(4359, 2, 172, 'R', 8),
(4360, 2, 173, 'R', 9),
(4361, 2, 174, 'R', 10),
(4362, 2, 175, 'R', 11),
(4363, 2, 462, 'R', 12),
(4364, 2, 463, 'R', 13),
(4365, 2, 464, 'R', 14),
(4366, 2, 465, 'R', 15),
(4367, 2, 488, 'R', 16),
(4368, 2, 466, 'R', 17),
(4369, 2, 533, 'R', 18),
(4370, 2, 534, 'R', 19),
(4371, 2, 535, 'R', 20),
(4372, 2, 537, 'R', 21),
(4373, 2, 536, 'R', 22),
(4374, 2, 538, 'R', 23),
(4375, 2, 539, 'R', 24),
(4376, 2, 540, 'R', 25),
(4377, 2, 541, 'R', 26),
(4378, 2, 542, 'R', 27),
(4379, 2, 543, 'R', 28),
(4380, 2, 544, 'R', 29),
(4381, 2, 545, 'R', 30),
(4382, 2, 546, 'R', 31),
(4383, 2, 547, 'R', 32),
(4384, 2, 548, 'R', 33),
(4385, 2, 549, 'R', 34),
(4386, 2, 550, 'R', 35),
(4387, 2, 551, 'R', 36),
(4388, 2, 552, 'R', 37),
(4389, 2, 553, 'R', 38),
(4390, 2, 554, 'R', 39),
(4391, 2, 555, 'R', 40),
(4392, 2, 556, 'R', 41),
(4393, 2, 557, 'R', 42),
(4394, 2, 558, 'R', 43),
(4395, 2, 559, 'R', 44),
(4396, 2, 560, 'R', 45),
(4397, 2, 561, 'R', 46),
(4398, 2, 562, 'R', 47),
(4399, 2, 563, 'R', 48),
(4400, 2, 564, 'R', 49),
(4401, 2, 565, 'R', 50),
(4402, 2, 566, 'R', 51),
(4403, 2, 567, 'R', 52),
(4404, 2, 568, 'R', 53),
(4405, 2, 569, 'R', 54),
(4406, 2, 570, 'R', 55),
(4407, 2, 571, 'R', 56),
(4442, 9, 573, 'F', 0),
(4443, 9, 574, 'F', 1),
(4444, 9, 575, 'F', 2),
(4445, 9, 576, 'F', 3),
(4446, 9, 577, 'F', 4),
(4447, 9, 578, 'F', 5),
(4448, 9, 579, 'F', 6),
(4449, 9, 580, 'F', 7),
(4450, 9, 581, 'F', 8),
(4451, 9, 582, 'F', 9),
(4452, 9, 583, 'F', 10),
(4453, 9, 584, 'F', 11),
(4454, 9, 585, 'F', 12),
(4455, 9, 586, 'F', 13),
(4456, 9, 587, 'F', 14),
(4457, 9, 588, 'F', 15),
(4458, 9, 589, 'F', 16),
(4459, 9, 590, 'F', 17),
(4460, 9, 591, 'F', 18),
(4461, 9, 592, 'F', 19),
(4462, 9, 593, 'F', 20),
(4463, 9, 461, 'F', 21),
(4464, 9, 431, 'F', 22),
(4465, 9, 594, 'F', 23),
(4466, 9, 595, 'F', 24),
(4467, 9, 596, 'F', 25),
(4468, 9, 597, 'F', 26),
(4469, 9, 598, 'F', 27),
(4470, 9, 599, 'F', 28),
(4471, 9, 600, 'F', 29),
(4472, 9, 601, 'R', 0),
(4473, 9, 602, 'R', 1),
(4474, 9, 603, 'R', 2),
(4475, 9, 604, 'R', 3),
(4476, 9, 606, 'R', 4),
(4477, 9, 607, 'R', 5),
(4478, 9, 608, 'R', 6),
(4479, 9, 459, 'R', 7),
(4480, 9, 430, 'R', 8),
(4481, 9, 609, 'R', 9),
(4482, 9, 610, 'R', 10),
(4483, 9, 611, 'R', 11),
(4484, 9, 612, 'R', 12),
(4485, 9, 613, 'R', 13),
(4486, 9, 614, 'R', 14),
(4487, 9, 615, 'R', 15),
(4488, 9, 616, 'R', 16),
(4489, 9, 617, 'R', 17),
(4490, 9, 618, 'R', 18),
(4491, 9, 619, 'R', 19),
(4492, 9, 620, 'R', 20),
(4493, 9, 621, 'R', 21),
(4494, 9, 622, 'R', 22),
(4495, 9, 623, 'R', 23),
(4496, 9, 624, 'R', 24),
(4497, 9, 625, 'R', 25),
(4498, 9, 626, 'R', 26),
(4499, 9, 627, 'R', 27),
(4500, 9, 628, 'R', 28),
(4501, 9, 629, 'R', 29),
(5028, 10, 573, 'F', 0),
(5029, 10, 574, 'F', 1),
(5030, 10, 575, 'F', 2),
(5031, 10, 576, 'F', 3),
(5032, 10, 631, 'F', 4),
(5033, 10, 632, 'F', 5),
(5034, 10, 633, 'F', 6),
(5035, 10, 634, 'F', 7),
(5036, 10, 635, 'F', 8),
(5037, 10, 636, 'F', 9),
(5038, 10, 637, 'F', 10),
(5039, 10, 638, 'F', 11),
(5040, 10, 639, 'F', 12),
(5041, 10, 640, 'F', 13),
(5042, 10, 641, 'F', 14),
(5043, 10, 642, 'F', 15),
(5044, 10, 643, 'F', 16),
(5045, 10, 644, 'F', 17),
(5046, 10, 645, 'F', 18),
(5047, 10, 646, 'F', 19),
(5048, 10, 647, 'F', 20),
(5049, 10, 648, 'F', 21),
(5050, 10, 649, 'F', 22),
(5051, 10, 585, 'F', 23),
(5052, 10, 586, 'F', 24),
(5053, 10, 587, 'F', 25),
(5054, 10, 588, 'F', 26),
(5055, 10, 589, 'F', 27),
(5056, 10, 590, 'F', 28),
(5057, 10, 591, 'F', 29),
(5058, 10, 592, 'F', 30),
(5059, 10, 593, 'F', 31),
(5060, 10, 461, 'F', 32),
(5061, 10, 431, 'F', 33),
(5062, 10, 630, 'F', 34),
(5063, 10, 432, 'F', 35),
(5064, 10, 433, 'F', 36),
(5065, 10, 434, 'F', 37),
(5066, 10, 435, 'F', 38),
(5067, 10, 436, 'F', 39),
(5068, 10, 437, 'F', 40),
(5069, 10, 438, 'F', 41),
(5070, 10, 439, 'F', 42),
(5071, 10, 440, 'F', 43),
(5072, 10, 441, 'F', 44),
(5073, 10, 442, 'F', 45),
(5074, 10, 509, 'F', 46),
(5075, 10, 510, 'R', 0),
(5076, 10, 511, 'R', 1),
(5077, 10, 512, 'R', 2),
(5078, 10, 513, 'R', 3),
(5079, 10, 514, 'R', 4),
(5080, 10, 515, 'R', 5),
(5081, 10, 516, 'R', 6),
(5082, 10, 517, 'R', 7),
(5083, 10, 518, 'R', 8),
(5084, 10, 519, 'R', 9),
(5085, 10, 520, 'R', 10),
(5086, 10, 521, 'R', 11),
(5087, 10, 522, 'R', 12),
(5088, 10, 459, 'R', 13),
(5089, 10, 430, 'R', 14),
(5090, 10, 609, 'R', 15),
(5091, 10, 610, 'R', 16),
(5092, 10, 611, 'R', 17),
(5093, 10, 612, 'R', 18),
(5094, 10, 613, 'R', 19),
(5095, 10, 614, 'R', 20),
(5096, 10, 615, 'R', 21),
(5097, 10, 616, 'R', 22),
(5098, 10, 617, 'R', 23),
(5099, 10, 650, 'R', 24),
(5100, 10, 651, 'R', 25),
(5101, 10, 652, 'R', 26),
(5102, 10, 653, 'R', 27),
(5103, 10, 654, 'R', 28),
(5104, 10, 655, 'R', 29),
(5105, 10, 656, 'R', 30),
(5106, 10, 657, 'R', 31),
(5107, 10, 658, 'R', 32),
(5108, 10, 659, 'R', 33),
(5109, 10, 660, 'R', 34),
(5110, 10, 661, 'R', 35),
(5111, 10, 668, 'R', 36),
(5112, 10, 662, 'R', 37),
(5113, 10, 663, 'R', 38),
(5114, 10, 664, 'R', 39),
(5115, 10, 665, 'R', 40),
(5116, 10, 666, 'R', 41),
(5117, 10, 667, 'R', 42),
(5118, 10, 626, 'R', 43),
(5119, 10, 627, 'R', 44),
(5120, 10, 628, 'R', 45),
(5121, 10, 629, 'R', 46),
(5317, 11, 669, 'F', 0),
(5318, 11, 670, 'F', 1),
(5319, 11, 671, 'F', 2),
(5320, 11, 672, 'F', 3),
(5321, 11, 673, 'F', 4),
(5322, 11, 674, 'F', 5),
(5323, 11, 675, 'F', 6),
(5324, 11, 676, 'F', 7),
(5325, 11, 320, 'F', 8),
(5326, 11, 321, 'F', 9),
(5327, 11, 322, 'F', 10),
(5328, 11, 484, 'F', 11),
(5329, 11, 410, 'F', 12),
(5330, 11, 411, 'F', 13),
(5331, 11, 485, 'F', 14),
(5332, 11, 412, 'F', 15),
(5333, 11, 413, 'F', 16),
(5334, 11, 414, 'F', 17),
(5335, 11, 415, 'F', 18),
(5336, 11, 686, 'F', 19),
(5337, 11, 416, 'F', 20),
(5338, 11, 688, 'F', 21),
(5339, 11, 690, 'F', 22),
(5340, 11, 692, 'F', 23),
(5341, 11, 694, 'F', 24),
(5342, 11, 579, 'F', 25),
(5343, 11, 580, 'F', 26),
(5344, 11, 581, 'F', 27),
(5345, 11, 582, 'F', 28),
(5346, 11, 583, 'F', 29),
(5347, 11, 584, 'F', 30),
(5348, 11, 696, 'F', 31),
(5349, 11, 698, 'F', 32),
(5350, 11, 700, 'F', 33),
(5351, 11, 702, 'F', 34),
(5352, 11, 704, 'F', 35),
(5353, 11, 706, 'F', 36),
(5354, 11, 708, 'F', 37),
(5355, 11, 710, 'F', 38),
(5356, 11, 712, 'F', 39),
(5357, 11, 714, 'F', 40),
(5358, 11, 716, 'F', 41),
(5359, 11, 718, 'F', 42),
(5360, 11, 720, 'F', 43),
(5361, 11, 722, 'F', 44),
(5362, 11, 724, 'F', 45),
(5363, 11, 726, 'F', 46),
(5364, 11, 727, 'R', 0),
(5365, 11, 725, 'R', 1),
(5366, 11, 723, 'R', 2),
(5367, 11, 721, 'R', 3),
(5368, 11, 719, 'R', 4),
(5369, 11, 717, 'R', 5),
(5370, 11, 715, 'R', 6),
(5371, 11, 713, 'R', 7),
(5372, 11, 711, 'R', 8),
(5373, 11, 709, 'R', 9),
(5374, 11, 707, 'R', 10),
(5375, 11, 705, 'R', 11),
(5376, 11, 703, 'R', 12),
(5377, 11, 701, 'R', 13),
(5378, 11, 699, 'R', 14),
(5379, 11, 697, 'R', 15),
(5380, 11, 618, 'R', 16),
(5381, 11, 619, 'R', 17),
(5382, 11, 620, 'R', 18),
(5383, 11, 621, 'R', 19),
(5384, 11, 622, 'R', 20),
(5385, 11, 623, 'R', 21),
(5386, 11, 695, 'R', 22),
(5387, 11, 693, 'R', 23),
(5388, 11, 691, 'R', 24),
(5389, 11, 689, 'R', 25),
(5390, 11, 474, 'R', 26),
(5391, 11, 687, 'R', 27),
(5392, 11, 475, 'R', 28),
(5393, 11, 476, 'R', 29),
(5394, 11, 477, 'R', 30),
(5395, 11, 478, 'R', 31),
(5396, 11, 479, 'R', 32),
(5397, 11, 480, 'R', 33),
(5398, 11, 481, 'R', 34),
(5399, 11, 483, 'R', 35),
(5400, 11, 389, 'R', 36),
(5401, 11, 390, 'R', 37),
(5402, 11, 391, 'R', 38),
(5403, 11, 685, 'R', 39),
(5404, 11, 684, 'R', 40),
(5405, 11, 683, 'R', 41),
(5406, 11, 682, 'R', 42),
(5407, 11, 681, 'R', 43),
(5408, 11, 680, 'R', 44),
(5409, 11, 679, 'R', 45),
(5410, 11, 678, 'R', 46),
(5445, 12, 357, 'F', 0),
(5446, 12, 66, 'F', 1),
(5447, 12, 67, 'F', 2),
(5448, 12, 68, 'F', 3),
(5449, 12, 69, 'F', 4),
(5450, 12, 70, 'F', 5),
(5451, 12, 169, 'F', 6),
(5452, 12, 170, 'F', 7),
(5453, 12, 171, 'F', 8),
(5454, 12, 172, 'F', 9),
(5455, 12, 58, 'R', 0),
(5456, 12, 59, 'R', 1),
(5457, 12, 60, 'R', 2),
(5458, 12, 529, 'R', 3),
(5459, 12, 530, 'R', 4),
(5460, 12, 531, 'R', 5),
(5461, 12, 728, 'R', 6),
(5462, 12, 729, 'R', 7),
(5463, 12, 355, 'R', 8),
(5464, 12, 356, 'R', 9),
(5465, 13, 669, 'F', 0),
(5466, 13, 670, 'F', 1),
(5467, 13, 671, 'F', 2),
(5468, 13, 672, 'F', 3),
(5561, 7, 409, 'F', 0),
(5562, 7, 408, 'F', 1),
(5563, 7, 309, 'F', 2),
(5564, 7, 310, 'F', 3),
(5565, 7, 311, 'F', 4),
(5566, 7, 407, 'F', 5),
(5567, 7, 312, 'F', 6),
(5568, 7, 313, 'F', 7),
(5569, 7, 314, 'F', 8),
(5570, 7, 315, 'F', 9),
(5571, 7, 316, 'F', 10),
(5572, 7, 317, 'F', 11),
(5573, 7, 318, 'F', 12),
(5574, 7, 319, 'F', 13),
(5575, 7, 320, 'F', 14),
(5576, 7, 321, 'F', 15),
(5577, 7, 322, 'F', 16),
(5578, 7, 484, 'F', 17),
(5579, 7, 410, 'F', 18),
(5580, 7, 411, 'F', 19),
(5581, 7, 485, 'F', 20),
(5582, 7, 412, 'F', 21),
(5583, 7, 413, 'F', 22),
(5584, 7, 414, 'F', 23),
(5585, 7, 415, 'F', 24),
(5586, 7, 416, 'F', 25),
(5587, 7, 417, 'F', 26),
(5588, 7, 418, 'F', 27),
(5589, 7, 419, 'F', 28),
(5590, 7, 420, 'F', 29),
(5591, 7, 421, 'F', 30),
(5592, 7, 422, 'F', 31),
(5593, 7, 423, 'F', 32),
(5594, 7, 425, 'F', 33),
(5595, 7, 490, 'F', 34),
(5596, 7, 491, 'F', 35),
(5597, 7, 492, 'F', 36),
(5598, 7, 493, 'F', 37),
(5599, 7, 494, 'F', 38),
(5600, 7, 495, 'F', 39),
(5601, 7, 461, 'F', 40),
(5602, 7, 431, 'F', 41),
(5603, 7, 496, 'F', 42),
(5604, 7, 497, 'F', 43),
(5605, 7, 498, 'F', 44),
(5606, 7, 499, 'F', 45),
(5607, 7, 500, 'F', 46),
(5608, 7, 501, 'F', 47),
(5609, 7, 502, 'F', 48),
(5610, 7, 503, 'F', 49),
(5611, 7, 504, 'F', 50),
(5612, 7, 505, 'F', 51),
(5613, 7, 506, 'F', 52),
(5614, 7, 507, 'F', 53),
(5615, 7, 508, 'F', 54),
(5616, 7, 509, 'F', 55),
(5617, 7, 444, 'R', 0),
(5618, 7, 445, 'R', 1),
(5619, 7, 446, 'R', 2),
(5620, 7, 447, 'R', 3),
(5621, 7, 448, 'R', 4),
(5622, 7, 449, 'R', 5),
(5623, 7, 450, 'R', 6),
(5624, 7, 451, 'R', 7),
(5625, 7, 452, 'R', 8),
(5626, 7, 453, 'R', 9),
(5627, 7, 454, 'R', 10),
(5628, 7, 455, 'R', 11),
(5629, 7, 456, 'R', 12),
(5630, 7, 458, 'R', 13),
(5631, 7, 459, 'R', 14),
(5632, 7, 430, 'R', 15),
(5633, 7, 462, 'R', 16),
(5634, 7, 463, 'R', 17),
(5635, 7, 464, 'R', 18),
(5636, 7, 465, 'R', 19),
(5637, 7, 488, 'R', 20),
(5638, 7, 466, 'R', 21),
(5639, 7, 467, 'R', 22),
(5640, 7, 468, 'R', 23),
(5641, 7, 487, 'R', 24),
(5642, 7, 469, 'R', 25),
(5643, 7, 470, 'R', 26),
(5644, 7, 471, 'R', 27),
(5645, 7, 472, 'R', 28),
(5646, 7, 473, 'R', 29),
(5647, 7, 474, 'R', 30),
(5648, 7, 475, 'R', 31),
(5649, 7, 476, 'R', 32),
(5650, 7, 477, 'R', 33),
(5651, 7, 478, 'R', 34),
(5652, 7, 479, 'R', 35),
(5653, 7, 480, 'R', 36),
(5654, 7, 481, 'R', 37),
(5655, 7, 483, 'R', 38),
(5656, 7, 389, 'R', 39),
(5657, 7, 390, 'R', 40),
(5658, 7, 391, 'R', 41),
(5659, 7, 392, 'R', 42),
(5660, 7, 393, 'R', 43),
(5661, 7, 394, 'R', 44),
(5662, 7, 395, 'R', 45),
(5663, 7, 396, 'R', 46),
(5664, 7, 397, 'R', 47),
(5665, 7, 398, 'R', 48),
(5666, 7, 399, 'R', 49),
(5667, 7, 400, 'R', 50),
(5668, 7, 308, 'R', 51),
(5669, 7, 401, 'R', 52),
(5670, 7, 402, 'R', 53),
(5671, 7, 403, 'R', 54),
(5672, 7, 404, 'R', 55),
(5673, 7, 489, 'R', 56),
(5674, 8, 409, 'F', 0),
(5675, 8, 408, 'F', 1),
(5676, 8, 309, 'F', 2),
(5677, 8, 310, 'F', 3),
(5678, 8, 311, 'F', 4),
(5679, 8, 407, 'F', 5),
(5680, 8, 312, 'F', 6),
(5681, 8, 313, 'F', 7),
(5682, 8, 314, 'F', 8),
(5683, 8, 315, 'F', 9),
(5684, 8, 316, 'F', 10),
(5685, 8, 317, 'F', 11),
(5686, 8, 318, 'F', 12),
(5687, 8, 319, 'F', 13),
(5688, 8, 320, 'F', 14),
(5689, 8, 321, 'F', 15),
(5690, 8, 322, 'F', 16),
(5691, 8, 484, 'F', 17),
(5692, 8, 410, 'F', 18),
(5693, 8, 411, 'F', 19),
(5694, 8, 485, 'F', 20),
(5695, 8, 412, 'F', 21),
(5696, 8, 413, 'F', 22),
(5697, 8, 414, 'F', 23),
(5698, 8, 415, 'F', 24),
(5699, 8, 416, 'F', 25),
(5700, 8, 417, 'F', 26),
(5701, 8, 418, 'F', 27),
(5702, 8, 419, 'F', 28),
(5703, 8, 420, 'F', 29),
(5704, 8, 421, 'F', 30),
(5705, 8, 422, 'F', 31),
(5706, 8, 423, 'F', 32),
(5707, 8, 425, 'F', 33),
(5708, 8, 424, 'F', 34),
(5709, 8, 426, 'F', 35),
(5710, 8, 427, 'F', 36),
(5711, 8, 428, 'F', 37),
(5712, 8, 429, 'F', 38),
(5713, 8, 45, 'F', 39),
(5714, 8, 46, 'F', 40),
(5715, 8, 47, 'F', 41),
(5716, 8, 48, 'F', 42),
(5717, 8, 49, 'F', 43),
(5718, 8, 50, 'F', 44),
(5719, 8, 51, 'F', 45),
(5720, 8, 52, 'F', 46),
(5721, 8, 53, 'F', 47),
(5722, 8, 461, 'F', 48),
(5723, 8, 431, 'F', 49),
(5724, 8, 630, 'F', 50),
(5725, 8, 432, 'F', 51),
(5726, 8, 433, 'F', 52),
(5727, 8, 434, 'F', 53),
(5728, 8, 435, 'F', 54),
(5729, 8, 436, 'F', 55),
(5730, 8, 437, 'F', 56),
(5731, 8, 438, 'F', 57),
(5732, 8, 439, 'F', 58),
(5733, 8, 440, 'F', 59),
(5734, 8, 441, 'F', 60),
(5735, 8, 442, 'F', 61),
(5736, 8, 443, 'F', 62),
(5737, 8, 510, 'R', 0),
(5738, 8, 511, 'R', 1),
(5739, 8, 512, 'R', 2),
(5740, 8, 513, 'R', 3),
(5741, 8, 514, 'R', 4),
(5742, 8, 515, 'R', 5),
(5743, 8, 516, 'R', 6),
(5744, 8, 517, 'R', 7),
(5745, 8, 518, 'R', 8),
(5746, 8, 519, 'R', 9),
(5747, 8, 520, 'R', 10),
(5748, 8, 521, 'R', 11),
(5749, 8, 522, 'R', 12),
(5750, 8, 459, 'R', 13),
(5751, 8, 430, 'R', 14),
(5752, 8, 176, 'R', 15),
(5753, 8, 177, 'R', 16),
(5754, 8, 178, 'R', 17),
(5755, 8, 179, 'R', 18),
(5756, 8, 180, 'R', 19),
(5757, 8, 181, 'R', 20),
(5758, 8, 182, 'R', 21),
(5759, 8, 183, 'R', 22),
(5760, 8, 184, 'R', 23),
(5761, 8, 185, 'R', 24),
(5762, 8, 523, 'R', 25),
(5763, 8, 524, 'R', 26),
(5764, 8, 525, 'R', 27),
(5765, 8, 526, 'R', 28),
(5766, 8, 527, 'R', 29),
(5767, 8, 467, 'R', 30),
(5768, 8, 468, 'R', 31),
(5769, 8, 487, 'R', 32),
(5770, 8, 469, 'R', 33),
(5771, 8, 470, 'R', 34),
(5772, 8, 471, 'R', 35),
(5773, 8, 472, 'R', 36),
(5774, 8, 473, 'R', 37),
(5775, 8, 474, 'R', 38),
(5776, 8, 475, 'R', 39),
(5777, 8, 476, 'R', 40),
(5778, 8, 477, 'R', 41),
(5779, 8, 478, 'R', 42),
(5780, 8, 479, 'R', 43),
(5781, 8, 480, 'R', 44),
(5782, 8, 481, 'R', 45),
(5783, 8, 483, 'R', 46),
(5784, 8, 389, 'R', 47),
(5785, 8, 390, 'R', 48),
(5786, 8, 391, 'R', 49),
(5787, 8, 392, 'R', 50),
(5788, 8, 393, 'R', 51),
(5789, 8, 394, 'R', 52),
(5790, 8, 395, 'R', 53),
(5791, 8, 396, 'R', 54),
(5792, 8, 397, 'R', 55),
(5793, 8, 398, 'R', 56),
(5794, 8, 399, 'R', 57),
(5795, 8, 400, 'R', 58),
(5796, 8, 308, 'R', 59),
(5797, 8, 401, 'R', 60),
(5798, 8, 402, 'R', 61),
(5799, 8, 403, 'R', 62),
(5800, 8, 404, 'R', 63),
(5801, 8, 489, 'R', 64);

-- --------------------------------------------------------

--
-- Table structure for table `bus_stops`
--

CREATE TABLE `bus_stops` (
  `id` int(10) UNSIGNED NOT NULL,
  `name` varchar(191) COLLATE utf8mb4_unicode_ci NOT NULL,
  `code` varchar(191) COLLATE utf8mb4_unicode_ci NOT NULL,
  `label` varchar(191) COLLATE utf8mb4_unicode_ci DEFAULT NULL,
  `street_id` varchar(191) COLLATE utf8mb4_unicode_ci NOT NULL,
  `township_id` varchar(191) COLLATE utf8mb4_unicode_ci NOT NULL,
  `lat` varchar(191) COLLATE utf8mb4_unicode_ci NOT NULL,
  `long` varchar(191) COLLATE utf8mb4_unicode_ci NOT NULL,
  `has_corner` tinyint(1) NOT NULL DEFAULT '0',
  `created_at` timestamp NULL DEFAULT NULL,
  `updated_at` timestamp NULL DEFAULT NULL
) ENGINE=InnoDB DEFAULT CHARSET=utf8mb4 COLLATE=utf8mb4_unicode_ci;

--
-- Dumping data for table `bus_stops`
--

INSERT INTO `bus_stops` (`id`, `name`, `code`, `label`, `street_id`, `township_id`, `lat`, `long`, `has_corner`, `created_at`, `updated_at`) VALUES
(11, 'West Yangon University (F)', 'BC1', NULL, '2', '8', '16.9471951', '96.0158717', 0, '2017-08-08 23:14:44', '2017-08-17 21:22:03'),
(12, 'Ahsaung Shyae (F)', 'BC2', NULL, '2', '8', '16.94316', '96.02149', 0, '2017-08-08 23:15:57', '2017-08-10 04:48:05'),
(13, 'Thayet  Chan (F)', 'BC3', NULL, '2', '8', '16.94094', '96.02646', 0, '2017-08-08 23:17:33', '2017-08-10 04:48:30'),
(14, 'Date Kone (F)', 'BC4', NULL, '2', '8', '16.9338', '96.03849', 0, '2017-08-08 23:18:34', '2017-08-10 04:49:03'),
(15, 'Pauk Tann (F)', 'BC5', NULL, '2', '8', '16.93164', '96.04209', 1, '2017-08-08 23:19:29', '2017-08-24 20:50:56'),
(16, 'Awine (F)', 'BC6', NULL, '2', '8', '16.921650096083376', '96.05610176931145', 0, '2017-08-08 23:22:14', '2017-10-11 07:45:16'),
(17, 'Ale Ywar (F)', 'BC7', NULL, '2', '8', '16.91978', '96.0649', 1, '2017-08-08 23:28:25', '2017-08-10 04:49:58'),
(18, 'Mile 20 (F)', 'BC8', NULL, '2', '8', '16.9226799216764', '96.06966297731549', 0, '2017-08-08 23:30:11', '2017-10-11 06:50:56'),
(19, 'Ayeyar Myay (F)', 'BC9', NULL, '2', '7', '16.93077390630979', '96.08321901593854', 0, '2017-08-08 23:35:52', '2017-10-11 06:48:42'),
(20, '199 (F)', 'BC10', NULL, '2', '7', '16.93200122796331', '96.08528901534419', 0, '2017-08-08 23:37:27', '2017-10-11 06:46:28'),
(21, '14 Lann Sone (F)', 'BC11', NULL, '2', '7', '16.9335002', '96.0884745', 1, '2017-08-08 23:38:37', '2017-08-17 21:30:06'),
(22, 'Butar Zay (F)', 'BC12', NULL, '3', '7', '16.933763140860748', '96.09414462408142', 1, '2017-08-08 23:39:38', '2017-10-11 06:43:25'),
(23, 'Danyingone Lann Sone (F)', 'BC13', NULL, '3', '7', '16.93369011556333', '96.10185074292224', 0, '2017-08-08 23:42:28', '2017-10-11 06:41:27'),
(24, 'Bo Chan (F)', 'BC14', NULL, '4', '7', '16.93007347474123', '96.1009441165329', 0, '2017-08-08 23:44:10', '2017-10-11 06:39:55'),
(25, 'Ywar Thit (F)', 'BC15', NULL, '4', '7', '16.9254940054748', '96.09848123187714', 0, '2017-08-08 23:52:50', '2017-10-11 06:36:20'),
(26, 'Aung San Zay (F)', 'BC16', NULL, '4', '7', '16.921324098251112', '96.0975905650123', 0, '2017-08-08 23:53:45', '2017-10-11 06:34:17'),
(27, 'Kyaung Gate (F)', 'BC17', NULL, '4', '7', '16.917889166130475', '96.09735237665177', 0, '2017-08-08 23:54:47', '2017-10-11 06:28:46'),
(28, '1 Gate (F)', 'BC18', NULL, '4', '7', '16.91528143233202', '96.0972112005943', 0, '2017-08-08 23:55:52', '2017-10-11 06:23:13'),
(29, 'Saung 2 (F)', 'BC19', NULL, '4', '7', '16.91187713651452', '96.09725918280333', 0, '2017-08-08 23:56:48', '2017-10-11 06:21:14'),
(30, 'Phawt Kan Zay (F)', 'BC20', NULL, '4', '7', '16.907625933729804', '96.09760938035663', 0, '2017-08-08 23:57:55', '2017-10-11 06:19:38'),
(31, 'Japan Lann (F)', 'BC21', NULL, '4', '7', '16.905049463054684', '96.0976623251313', 0, '2017-08-08 23:59:06', '2017-10-11 06:17:56'),
(32, 'Pyi Taw Thar (F)', 'BC22', NULL, '4', '7', '16.90071281181808', '96.09784628220905', 1, '2017-08-09 00:04:19', '2017-10-11 06:16:31'),
(33, 'Thayet Taw (F)', 'BC23', NULL, '6', '7', '16.902269370227614', '96.10290953313529', 1, '2017-08-09 00:05:36', '2017-10-11 06:13:44'),
(34, 'Bo Gone (F)', 'BC24', NULL, '6', '7', '16.90094609999999', '96.10647477483406', 0, '2017-08-09 00:06:53', '2017-10-11 06:11:39'),
(36, 'Ma Nya Ka (F)', 'BC26', NULL, '6', '7', '16.896836833582963', '96.10501590489343', 0, '2017-08-09 00:09:27', '2017-10-11 06:10:01'),
(37, 'Innsein Hospital (F)', 'BC27', NULL, '6', '7', '16.89227629103738', '96.10566426071318', 0, '2017-08-09 00:44:57', '2017-10-11 06:07:24'),
(38, 'Innsein Park (F)', 'BC28', NULL, '6', '7', '16.889794334873073', '96.1066595337295', 1, '2017-08-09 00:46:56', '2017-10-11 06:05:35'),
(39, 'BOC (F)', 'BC29', NULL, '7', '7', '16.88490156736589', '96.10997309814752', 0, '2017-08-09 00:48:34', '2017-10-11 05:21:30'),
(40, 'Gyo Gone (F)', 'BC30', NULL, '7', '7', '16.878503899998876', '96.11262916071314', 0, '2017-08-09 00:49:41', '2017-10-11 05:20:04'),
(41, 'BPI (F)', 'BC31', NULL, '7', '6', '16.874988696402507', '96.11629143372954', 0, '2017-08-09 00:50:40', '2017-10-11 05:18:32'),
(42, 'Khawae Chan (F)', 'BC32', NULL, '7', '6', '16.869910352172866', '96.11935904841005', 0, '2017-08-09 00:51:56', '2017-10-11 05:16:54'),
(43, 'Kalar Kyaung (F)', 'BC33', NULL, '7', '6', '16.86482173593519', '96.12095726745906', 0, '2017-08-09 00:54:13', '2017-10-11 05:06:55'),
(44, 'Thamine Lann Sone (F)', 'BC34', NULL, '7', '6', '16.863035629980057', '96.121480609787', 0, '2017-08-09 00:55:20', '2017-10-11 04:59:14'),
(45, 'Phayar Lann (F)', 'BC35', NULL, '7', '1', '16.858166297751133', '96.12337344047546', 0, '2017-08-09 01:00:09', '2017-10-11 04:46:00'),
(46, 'Oak Kyin (F)', 'BC36', NULL, '7', '1', '16.855653196281423', '96.12363842513128', 0, '2017-08-09 01:01:33', '2017-10-11 04:44:33'),
(47, 'Bar Tar (F)', 'BC37', NULL, '7', '1', '16.851703263758182', '96.12427315396735', 0, '2017-08-09 01:02:47', '2017-10-11 04:40:29'),
(48, 'Than Lann (F)', 'BC38', NULL, '7', '1', '16.8465332', '96.1254412', 0, '2017-08-09 01:03:59', '2017-08-25 00:08:33'),
(49, 'Thu Kha (F)', 'BC39', NULL, '7', '1', '16.840573490379434', '96.1268064521148', 0, '2017-08-09 02:17:45', '2017-10-11 04:37:31'),
(50, 'Butaryone Lann (F)', 'BC40', NULL, '7', '1', '16.83723498657081', '96.1275932472214', 0, '2017-08-09 02:18:44', '2017-10-11 04:35:45'),
(51, 'Sinyay Twin (F)', 'BC41', NULL, '7', '2', '16.834282265466733', '96.12846683862301', 0, '2017-08-09 02:19:31', '2017-10-11 04:32:15'),
(52, 'San Yeik Nyein (F)', 'BC42', NULL, '7', '2', '16.830865534626046', '96.1295415214264', 0, '2017-08-09 02:20:21', '2017-11-01 03:05:55'),
(53, 'Hledan (F)', 'BC43', NULL, '7', '2', '16.8279386', '96.1304310', 0, '2017-08-09 03:29:37', '2017-08-17 23:14:49'),
(54, 'Sikepyo Yayy (F)', 'BC44', NULL, '8', '2', '16.8183649', '96.1329943', 0, '2017-08-09 03:30:43', '2017-12-15 07:11:06'),
(55, 'Hanthar Wati Awine (F)', 'BC45', NULL, '8', '3', '16.8120745', '96.1348182', 0, '2017-08-09 03:34:53', '2017-08-24 23:15:52'),
(56, 'Mahar Myaing (F)', 'BC46', NULL, '8', '3', '16.80911', '96.13578', 0, '2017-08-09 03:36:45', '2017-08-24 23:04:40'),
(57, 'Myay Ni Gone (F)', 'BC47', NULL, '8', '3', '16.80689', '96.13645', 0, '2017-08-09 03:43:19', '2017-12-15 06:43:33'),
(58, 'Helpin (F)', 'BC48', NULL, '8', '5', '16.7910313', '96.1408729', 0, '2017-08-09 03:45:19', '2017-08-24 23:01:01'),
(59, 'Pegu Club (F)', 'BC49', NULL, '8', '5', '16.78691554832358', '96.14211542713929', 0, '2017-08-09 03:48:42', '2017-09-23 12:22:51'),
(60, 'Saint John (F)', 'BC50', NULL, '8', '4', '16.7815198', '96.1440771', 0, '2017-08-09 03:51:09', '2017-08-24 23:20:24'),
(62, 'Maw Tin (F)', 'BC52', NULL, '10', '4', '16.774513305479154', '96.14265466501229', 1, '2017-08-09 03:53:52', '2017-10-11 04:24:48'),
(66, '6 Htat Yone(Lann 30) (F)', 'BC96', NULL, '10', '9', '16.7709471', '96.1574730', 0, '2017-08-17 20:51:48', '2017-11-08 04:32:06'),
(67, 'Latha Lann', 'BC97', NULL, '10', '11', '16.7721059', '96.1514299', 0, '2017-08-17 20:53:43', '2017-09-30 05:06:34'),
(68, 'Nyaung Pin Layy Zayy', 'BC98', NULL, '10', '11', '16.7724791', '96.1466618', 1, '2017-08-17 20:55:42', '2017-09-30 05:08:15'),
(69, 'Phone Gyi Lann', 'BC99', NULL, '9', '4', '16.7753447', '96.1449227', 0, '2017-08-17 20:57:48', '2017-09-30 05:11:23'),
(70, 'San Pya Yoke Shin Yone', 'BC100', NULL, '9', '4', '16.778130462612324', '96.14510558406141', 0, '2017-08-17 20:59:23', '2017-10-11 04:18:02'),
(83, '8 Mile (F)', 'BC91', NULL, '8', '6', '16.867520851118044', '96.14162989199599', 1, '2017-08-17 21:27:32', '2017-09-30 12:07:49'),
(84, 'Maharsi (F)', 'BC90', NULL, '8', '6', '16.872565083856784', '96.13985478280335', 1, '2017-08-17 21:29:01', '2017-09-30 12:08:33'),
(85, 'A1 (F)', 'BC89', NULL, '8', '6', '16.877699150080836', '96.13752900181771', 1, '2017-08-17 21:36:16', '2017-12-12 03:24:21'),
(86, '9 Mile (F)', 'BC88', NULL, '8', '6', '16.88126972155236', '96.13536503649289', 1, '2017-08-17 21:39:23', '2017-09-30 12:10:48'),
(87, '10 Mile Kone (F)', 'BC86', NULL, '8', '7', '16.888827673742963', '96.12986831779097', 1, '2017-08-17 21:51:28', '2017-09-30 12:12:21'),
(88, 'Kyauk Taw Gyi (F)', 'BC85', NULL, '8', '7', '16.888501175594257', '96.12305660429911', 1, '2017-08-17 21:58:31', '2017-09-30 12:12:55'),
(89, '9 Mile Khwae (F)', 'BC87', NULL, '8', '7', '16.88533778153118', '96.13548840237729', 1, '2017-08-17 22:01:06', '2017-12-12 03:22:30'),
(90, 'Sawbwargyigone (F)', 'BC84', NULL, '8', '7', '16.8918815', '96.1200097', 1, '2017-08-17 22:02:57', '2017-09-29 10:25:03'),
(91, 'Htann Pin Gone (F)', 'BC83', NULL, '8', '12', '16.900374226494584', '96.12419854966811', 1, '2017-08-17 22:04:16', '2017-09-30 12:13:46'),
(92, 'Kalar Phayar (F)', 'BC82', NULL, '8', '12', '16.9062335583703', '96.12891701653291', 1, '2017-08-17 22:05:38', '2017-11-01 02:47:11'),
(93, 'Pann Chan Kone (F)', 'BC81', NULL, '8', '12', '16.911695446823202', '96.13257069881138', 1, '2017-08-17 22:06:55', '2017-09-30 12:15:30'),
(94, 'BOC (F)', 'BC80', NULL, '8', '12', '16.915962317032097', '96.13463202513117', 1, '2017-08-17 22:08:28', '2017-10-30 05:28:18'),
(95, 'Tsay Kyaung (F)', 'BC79', NULL, '8', '12', '16.91996330338751', '96.13408697605746', 0, '2017-08-17 22:13:40', '2017-09-30 12:16:32'),
(96, 'Sar Tike (F)', 'BC78', NULL, '8', '12', '16.923446807345833', '96.13335530489348', 1, '2017-08-17 22:15:15', '2017-09-30 12:24:06'),
(97, 'Kha Yay Pin Lann Khwal (F)', 'BC77', NULL, '8', '12', '16.927231411949066', '96.13153463187712', 1, '2017-08-17 22:17:50', '2017-09-30 12:17:17'),
(129, 'Mingalardon Zayy (F)', 'BC76', NULL, '8', '12', '16.9349331', '96.1301855', 0, '2017-08-18 03:37:16', '2017-09-29 10:16:06'),
(130, 'Naing Ngan Yayy (F)', 'BC75', NULL, '8', '12', '16.9386513', '96.1295966', 0, '2017-08-18 03:38:25', '2017-09-30 05:36:33'),
(131, 'Kyike Ka Lei / Supply (F)', 'BC74', NULL, '12', '12', '16.9444606', '96.1278784', 0, '2017-08-18 03:40:02', '2017-09-29 10:14:22'),
(132, 'Kyike Ka Lolt (F)', 'BC73', NULL, '12', '12', '16.9536750', '96.1274009', 0, '2017-08-18 03:41:09', '2017-09-29 10:13:39'),
(133, 'Wireless (F)', 'BC72', NULL, '12', '12', '16.961047168916505', '96.12692470185243', 0, '2017-08-18 03:42:28', '2017-09-30 12:18:13'),
(134, 'Yay Kyi Saing (F)', 'BC71', NULL, '12', '12', '16.9660330', '96.1271238', 0, '2017-08-18 03:43:21', '2017-09-29 10:11:24'),
(135, 'Sin Minn (F)', 'BC70', NULL, '12', '12', '16.9701839', '96.1265317', 0, '2017-08-18 03:46:02', '2017-09-29 10:10:38'),
(136, 'Titt Nam Bat (F)', 'BC69', NULL, '12', '12', '16.9747343', '96.1240242', 0, '2017-08-18 03:47:26', '2017-09-29 10:09:29'),
(137, 'Bo Chan (F)', 'BC68', NULL, '12', '12', '16.9803927', '96.1265288', 0, '2017-08-18 03:49:13', '2017-10-30 05:30:19'),
(138, 'Shan Su (F)', 'BC67', NULL, '12', '12', '16.9875141', '96.1270573', 0, '2017-08-18 03:50:06', '2017-09-29 10:06:11'),
(139, 'Yal Baw Haung (F)', 'BC66', NULL, '12', '12', '16.9915545', '96.1309665', 0, '2017-08-18 03:51:00', '2017-09-29 10:05:03'),
(140, 'Phayar Lay (F)', 'BC65', NULL, '12', '12', '16.9970943', '96.1302173', 0, '2017-08-18 03:55:57', '2017-11-01 03:03:38'),
(141, 'Gone Htake (F)', 'BC64', NULL, '12', '12', '17.0015452', '96.1294084', 0, '2017-08-18 04:01:34', '2017-09-29 09:55:03'),
(142, 'Chan Pauk (F)', 'BC63', NULL, '12', '12', '17.0096619', '96.1273225', 0, '2017-08-18 04:06:47', '2017-09-29 09:53:29'),
(143, 'Yae Sin (F)', 'BC62', NULL, '12', '12', '17.0114828', '96.1273137', 0, '2017-08-18 04:08:23', '2017-11-01 03:14:20'),
(144, 'Mway Myuu Yayy (F)', 'BC61', NULL, '12', '12', '17.0139450', '96.1271105', 0, '2017-08-18 04:09:42', '2017-09-29 09:53:55'),
(145, 'Daewoo Bus (F)', 'BC59', NULL, '12', '12', '17.0187347', '96.1316712', 0, '2017-08-18 04:10:57', '2017-09-29 09:29:04'),
(146, 'CP Live stocks (F)', 'BC58', NULL, '12', '12', '17.0205866', '96.1333262', 0, '2017-08-18 04:12:17', '2017-09-29 09:28:08'),
(147, 'Nwal Khway (F)', 'BC57', NULL, '12', '12', '17.02226597645405', '96.13438577361069', 0, '2017-08-18 04:13:52', '2017-09-30 12:20:00'),
(155, 'Htauk Kyant Lann Sone (F)', 'BC54', NULL, '13', '12', '17.0421784', '96.1319405', 0, '2017-08-18 04:21:53', '2017-09-29 09:23:03'),
(156, 'Htauk Kyant Gate Yin (F)', 'BC53', NULL, '13', '12', '17.0442282', '96.1260376', 0, '2017-08-18 04:23:46', '2017-09-29 09:22:01'),
(157, 'Lann Thit (F)', 'BC55', NULL, '12', '12', '17.0345592', '96.1312032', 0, '2017-08-18 05:32:39', '2017-11-01 02:22:10'),
(160, 'Kyaung Shyae (F)', 'BC56', NULL, '12', '12', '17.029938630179082', '96.13230977909848', 0, '2017-08-18 20:12:56', '2017-11-01 02:57:06'),
(161, 'Maw Tin (R)', 'BC111', NULL, '11', '4', '16.774851', '96.142307', 1, '2017-08-18 21:40:58', '2017-08-24 23:21:02'),
(162, 'San Pya (R)', 'BC112', NULL, '9', '4', '16.7781395', '96.1451088', 0, '2017-08-18 21:42:53', '2017-08-24 23:24:10'),
(163, 'San Pya (F)', 'BC51', NULL, '9', '4', '16.779009', '96.144930', 1, '2017-08-22 00:44:41', '2017-08-24 22:44:29'),
(165, 'ဘိုကေလးေစ်း', 'Test', NULL, '16', '18', '16.771657', '96.166018', 0, '2017-08-24 02:11:52', '2017-08-24 02:11:52'),
(166, 'ဒဂံုတကၠသိုလ္', 'test1', NULL, '16', '14', '16.904177', '96.211228', 0, '2017-08-24 02:14:40', '2017-08-24 02:18:15'),
(167, 'Hyde Park (F)', 'BC25', NULL, '6', '7', '16.8988295', '96.1055286', 0, '2017-08-24 22:49:54', '2017-08-25 00:36:19'),
(169, 'Saint John (R)', 'BC113', NULL, '8', '4', '16.7830177', '96.1436225', 0, '2017-08-24 23:25:56', '2017-08-24 23:25:56'),
(170, 'Pegu Club (R)', 'BC114', NULL, '8', '5', '16.786528', '96.1424652', 0, '2017-08-24 23:27:18', '2017-08-24 23:29:13'),
(171, 'Helpin (R)', 'BC115', NULL, '8', '5', '16.790831378524356', '96.14111046627045', 0, '2017-08-24 23:28:48', '2017-09-30 11:29:01'),
(172, 'Myay Ni Gone (R)', 'BC116', NULL, '8', '3', '16.7995366', '96.138584', 0, '2017-08-24 23:31:33', '2017-08-24 23:31:33'),
(173, 'Mahar Myaing (R)', 'BC117', NULL, '8', '3', '16.807496217337295', '96.13634311904912', 0, '2017-08-24 23:34:22', '2017-09-30 11:31:13'),
(174, 'Hanthar Wadi Awine (R)', 'BC118', NULL, '8', '3', '16.81124', '96.13518', 0, '2017-08-24 23:35:48', '2017-08-25 01:40:49'),
(175, 'Sikepyo Yayy (R)', 'BC119', NULL, '8', '2', '16.8177076', '96.1333752', 1, '2017-08-24 23:37:35', '2017-12-15 07:10:42'),
(176, 'Hledan (R)', 'BC120', NULL, '7', '2', '16.8281801', '96.1304087', 0, '2017-08-24 23:40:21', '2017-08-25 01:41:21'),
(177, 'San Yeik Nyein (R)', 'BC121', NULL, '7', '2', '16.831055', '96.1296584', 0, '2017-08-24 23:42:29', '2017-08-25 01:42:05'),
(178, 'Sinyay Twin (R)', 'BC122', NULL, '7', '2', '16.834498610043298', '96.12858069940569', 0, '2017-08-24 23:44:00', '2017-10-11 04:34:03'),
(179, 'Butaryone Lann (R)', 'BC123', NULL, '7', '1', '16.8371781', '96.1277083', 0, '2017-08-24 23:45:42', '2017-08-25 01:46:37'),
(180, 'Thu Kha (R)', 'BC124', NULL, '7', '1', '16.8402425', '96.1270915', 0, '2017-08-24 23:47:18', '2017-11-01 03:12:17'),
(181, 'Than Lann (R)', 'BC125', NULL, '7', '1', '16.8452748', '96.1258903', 0, '2017-08-24 23:48:42', '2017-08-25 01:47:02'),
(182, 'Bar Tar (R)', 'BC126', NULL, '7', '1', '16.85072', '96.1246368', 0, '2017-08-25 00:07:20', '2017-08-25 01:47:15'),
(183, 'Oak Kyin (R)', 'BC127', NULL, '7', '1', '16.8550945', '96.1238684', 0, '2017-08-25 00:10:30', '2017-08-25 01:57:31'),
(184, 'Phayar Lann (R)', 'BC128', NULL, '7', '1', '16.858146158895643', '96.12356510185236', 1, '2017-08-25 00:12:27', '2017-10-11 04:47:42'),
(185, 'Thamine Lann Sone (R)', 'BC129', NULL, '7', '6', '16.8606469', '96.122574', 0, '2017-08-25 00:17:22', '2017-08-25 01:58:15'),
(186, 'Kalar Kyaung (R)', 'BC130', NULL, '7', '6', '16.8649372', '96.1211568', 0, '2017-08-25 00:19:12', '2017-08-25 01:58:38'),
(187, 'Khawae Chan (R)', 'BC131', NULL, '7', '6', '16.8696578', '96.1196623', 1, '2017-08-25 00:23:10', '2017-08-25 01:59:02'),
(188, 'BPI (R)', 'BC132', NULL, '7', '6', '16.8753141', '96.1163358', 1, '2017-08-25 00:26:54', '2017-08-25 01:59:18'),
(189, 'Gyo Gone (R)', 'BC133', NULL, '7', '7', '16.8787529', '96.1127866', 0, '2017-08-25 00:28:32', '2017-08-25 01:59:34'),
(190, 'BOC (R)', 'BC134', NULL, '7', '7', '16.8843459', '96.1103616', 1, '2017-08-25 00:30:25', '2017-08-25 01:59:56'),
(191, 'Innsein Park (R)', 'BC135', NULL, '6', '7', '16.8887317', '96.1072505', 0, '2017-08-25 00:32:55', '2017-08-25 02:00:42'),
(192, 'Innsein Hospital (R)', 'BC136', NULL, '6', '7', '16.89302951439422', '96.10548303191183', 1, '2017-08-25 00:34:28', '2017-10-11 06:08:17'),
(193, 'Ma Nya Ka (R)', 'BC137', NULL, '6', '7', '16.8966364', '96.105094', 1, '2017-08-25 00:35:53', '2017-08-25 02:01:21'),
(194, 'Hyde Park (R)', 'BC138', NULL, '6', '7', '16.8986485', '96.1055553', 0, '2017-08-25 00:37:34', '2017-08-25 02:01:36'),
(195, 'Bo Gone (R)', 'BC139', NULL, '6', '7', '16.90092', '96.10653', 1, '2017-08-25 00:38:51', '2017-08-25 02:04:59'),
(196, 'Thayet Taw (R)', 'BC140', NULL, '6', '7', '16.902384645614337', '96.10290440244671', 1, '2017-08-25 00:40:30', '2017-10-11 06:15:03'),
(197, 'Pyi Taw Thar (R)', 'BC141', NULL, '4', '7', '16.90103', '96.097111', 1, '2017-08-25 00:42:28', '2017-08-25 02:05:27'),
(198, 'Japan Lann (R)', 'BC142', NULL, '4', '7', '16.90407', '96.09748', 0, '2017-08-25 00:44:00', '2017-08-25 02:05:39'),
(199, 'Phawt Kan Zay (R)', 'BC143', NULL, '4', '7', '16.9071789', '96.0977769', 0, '2017-08-25 00:45:25', '2017-08-25 02:05:52'),
(200, 'Saung 2 (R)', 'BC144', NULL, '4', '7', '16.91159', '96.09738', 0, '2017-08-25 00:46:38', '2017-08-25 02:06:16'),
(201, '1 Gate (R)', 'BC145', NULL, '4', '7', '16.91513', '96.0973', 0, '2017-08-25 00:47:41', '2017-08-25 02:06:27'),
(202, 'Kyaung Gate (R)', 'BC146', NULL, '4', '7', '16.91783', '96.09745', 0, '2017-08-25 00:48:57', '2017-08-25 02:06:46'),
(203, 'Aung San Zay (R)', 'BC147', NULL, '4', '7', '16.92196', '96.09772', 0, '2017-08-25 00:50:31', '2017-08-25 02:07:20'),
(204, 'Ywar Thit (R)', 'BC148', NULL, '4', '7', '16.92538', '96.09854', 0, '2017-08-25 00:53:23', '2017-08-25 02:07:34'),
(205, 'Danyingone Lann Sone (R)', 'BC150', NULL, '4', '7', '16.9337124', '96.1019182', 1, '2017-08-25 00:55:12', '2017-08-25 02:07:55'),
(206, 'Butar Zay (R)', 'BC151', NULL, '2', '7', '16.933848630054296', '96.09360801719663', 1, '2017-08-25 00:58:01', '2017-10-11 06:44:19'),
(207, '14 Lann Sone (R)', 'BC152', NULL, '2', '7', '16.9334147', '96.0878313', 0, '2017-08-25 00:59:44', '2017-08-25 02:08:36'),
(208, '199 (R)', 'BC153', NULL, '2', '7', '16.93195475414843', '96.08509591840266', 0, '2017-08-25 01:01:08', '2017-10-11 06:47:21'),
(209, 'Ayeyar Myay (R)', 'BC154', NULL, '2', '7', '16.930842227632528', '96.08318807790988', 0, '2017-08-25 01:02:43', '2017-10-11 06:49:15'),
(210, 'Mile 20 (R)', 'BC155', NULL, '2', '8', '16.923264415673774', '96.07048562698367', 1, '2017-08-25 01:04:57', '2017-10-11 07:36:26'),
(211, 'Ale Ywar (R)', 'BC156', NULL, '2', '8', '16.91984056786942', '96.06410145767211', 1, '2017-08-25 01:09:24', '2017-10-11 07:38:02'),
(212, 'Awine (R)', 'BC157', NULL, '2', '8', '16.92168317182058', '96.05623291534425', 1, '2017-08-25 01:11:01', '2017-10-11 07:46:43'),
(213, 'Pauk Tann (R)', 'BC158', NULL, '2', '8', '16.93167', '96.04197', 0, '2017-08-25 01:12:07', '2017-08-25 02:10:08'),
(214, 'Date Kone (R)', 'BC159', NULL, '2', '8', '16.93362', '96.0388', 0, '2017-08-25 01:12:59', '2017-08-25 02:10:22'),
(215, 'Thayet  Chan (R)', 'BC160', NULL, '2', '8', '16.9403', '96.02635', 0, '2017-08-25 01:13:54', '2017-08-25 02:10:42'),
(216, 'Ahsaung Shyae (R)', 'BC161', NULL, '2', '8', '16.94303', '96.02158', 0, '2017-08-25 01:15:23', '2017-08-25 02:10:58'),
(217, 'West Yangon University (R)', 'BC162', NULL, '2', '8', '16.94742', '96.0154', 0, '2017-08-25 01:16:23', '2017-08-25 02:11:11'),
(218, 'Bo Chan (R)', 'BC149', NULL, '4', '7', '16.92975', '96.10092', 0, '2017-08-25 02:12:30', '2017-08-25 02:12:30'),
(241, 'Lein kone(Gate Yinn) (F)', 'BC201', NULL, '51', '32', '17.00031', '96.05186', 0, '2017-08-26 10:52:54', '2017-11-17 12:15:01'),
(242, 'Da Dwe (F)', 'BC202', NULL, '39', '32', '17.0012', '96.06257', 0, '2017-08-26 11:09:08', '2017-11-17 12:14:03'),
(243, 'Kwat Thit (F)', 'BC203', NULL, '51', '32', '17.00097', '96.05686', 0, '2017-08-26 11:09:55', '2017-11-17 12:14:32'),
(244, 'Out Gate (F)', 'BC204', NULL, '51', '32', '17.00141', '96.06779', 0, '2017-08-26 11:10:51', '2017-11-17 12:13:29'),
(245, 'Jocker (F)', 'BC205', NULL, '50', '32', '17.00152', '96.06981', 0, '2017-08-26 11:11:47', '2017-11-17 12:12:54'),
(246, 'Phayar Lay (F)', 'BC206', NULL, '50', '32', '17.00162', '96.07168', 0, '2017-08-26 11:12:25', '2017-11-17 12:12:18'),
(247, 'Zay  Than Lann (F)', 'BC207', NULL, '50', '32', '17.00179', '96.07437', 0, '2017-08-26 11:13:02', '2017-11-17 12:11:31'),
(248, 'Gate Haung (F)', 'BC208', NULL, '50', '32', '17.00172', '96.07648', 0, '2017-08-26 11:13:38', '2017-12-12 03:52:38'),
(249, 'Kyaung Shae (F)', 'BC209', NULL, '50', '32', '17.00361', '96.07978', 0, '2017-08-26 11:14:29', '2017-11-17 12:02:24'),
(250, 'Tar Sone (F)', 'BC210', NULL, '50', '32', '17.0055', '96.08318', 1, '2017-08-26 11:15:18', '2017-11-17 12:01:21'),
(251, 'Pipe  Lone (F)', 'BC211', NULL, '19', '32', '17.00138', '96.08661', 0, '2017-08-26 11:16:18', '2017-08-26 11:16:18'),
(252, 'Computer University (F)', 'BC212', NULL, '19', '32', '16.99887', '96.08843', 0, '2017-08-26 11:17:12', '2017-11-01 02:40:49'),
(253, 'Nwar  Chan (F)', 'BC213', NULL, '19', '32', '16.99456', '96.09148', 0, '2017-08-26 11:17:48', '2017-08-26 11:17:48'),
(254, 'Thabarwa (F)', 'BC214', NULL, '19', '32', '16.9885', '96.09288', 0, '2017-08-26 11:18:32', '2017-08-26 11:18:32'),
(255, 'Thar Du Kan (F)', 'BC215', NULL, '19', '32', '16.98371', '96.09347', 0, '2017-08-26 11:19:11', '2017-08-26 11:19:11'),
(256, 'Zay Yar  Thiri (F)', 'BC216', NULL, '19', '32', '16.98154', '96.0936', 0, '2017-08-26 11:20:00', '2017-08-26 11:20:00'),
(257, 'Pone Nya (F)', 'BC217', NULL, '19', '32', '16.97794', '96.09381', 0, '2017-08-26 11:20:40', '2017-08-26 11:20:40'),
(258, 'Oak Pho (F)', 'BC218', NULL, '19', '32', '16.9744', '96.09439', 0, '2017-08-26 11:21:18', '2017-12-15 06:54:36'),
(259, 'Than Phyu Saing (F)', 'BC219', NULL, '19', '32', '16.97241', '96.09468', 0, '2017-08-26 11:21:53', '2017-08-26 11:21:53'),
(260, 'Yae 6 (F)', 'BC220', NULL, '19', '32', '16.96835', '96.09558', 0, '2017-08-26 11:22:26', '2017-08-26 11:22:26'),
(261, 'Gate Haung (F)', 'BC221', NULL, '19', '32', '16.96527', '96.09623', 0, '2017-08-26 11:25:13', '2017-08-26 11:25:13'),
(262, 'Shwe Pyi Thar Kwae (F)', 'BC222', NULL, '19', '32', '16.96164', '96.09693', 0, '2017-08-26 11:25:47', '2017-12-15 07:08:03'),
(263, 'Sitt Tat (F)', 'BC223', NULL, '19', '32', '16.95801', '96.09763', 0, '2017-08-26 11:26:21', '2017-12-15 07:13:26'),
(264, 'Kyaung Lann (F)', 'BC224', NULL, '19', '32', '16.95351', '96.0994', 0, '2017-08-26 11:27:00', '2017-09-05 02:32:10'),
(265, 'Kan Thar Yar (F)', 'BC225', NULL, '19', '32', '16.94839', '96.10156', 0, '2017-08-26 11:27:33', '2017-08-26 11:27:33'),
(266, 'Myin Hle Gate (F)', 'BC226', NULL, '19', '32', '16.94689', '96.10217', 0, '2017-08-26 11:28:05', '2017-08-26 11:28:05'),
(267, 'Phone  Gyi  kyaung (F)', 'BC227', NULL, '19', '32', '16.94349', '96.10279', 0, '2017-08-26 11:28:38', '2017-08-26 11:28:38'),
(268, 'Sauk Lote Yayy (F)', 'BC228', NULL, '19', '32', '16.94048', '96.10271', 0, '2017-08-26 11:29:09', '2017-12-15 07:07:01'),
(269, 'Pyi Taw Thar(Out Lann) (F)', 'BC229', NULL, '4', '7', '16.90209', '96.09695', 0, '2017-08-26 11:29:50', '2017-08-26 11:31:16'),
(270, 'Ywar Ma (F)', 'BC230', NULL, '4', '7', '16.89843', '96.09889', 0, '2017-08-26 11:30:50', '2017-08-26 11:30:50'),
(271, 'Aye Theint Hti (F)', 'BC231', NULL, '4', '7', '16.89585', '96.10111', 0, '2017-08-26 11:31:49', '2017-08-26 11:31:49'),
(272, 'Yone Sayy Yone (F)', 'BC232', NULL, '4', '7', '16.89202', '96.10413', 0, '2017-08-26 11:32:22', '2017-08-26 11:32:22'),
(273, 'Heno Gate Pann Chan (F)', 'BC233', NULL, '4', '7', '16.88816', '96.1059', 0, '2017-08-26 11:32:51', '2017-11-01 02:45:05'),
(274, 'Heno Gate Pann Chan (R)', 'BC234', NULL, '4', '7', '16.88803', '96.10587', 0, '2017-08-26 22:22:56', '2017-11-01 02:45:30'),
(275, 'Yone Sayy Yone (R)', 'BC235', NULL, '4', '7', '16.89152', '96.10427', 0, '2017-08-26 22:24:21', '2017-08-26 22:24:21'),
(276, 'Aye Theint Hti (R)', 'BC236', NULL, '4', '7', '16.89571', '96.10113', 0, '2017-08-26 22:27:28', '2017-08-26 22:27:28'),
(277, 'Ywar Ma (R)', 'BC237', NULL, '4', '7', '16.89797', '96.0992', 0, '2017-08-26 22:28:24', '2017-08-26 22:28:24'),
(278, 'Pyi Taw Thar(Out Lann) (R)', 'BC238', NULL, '4', '7', '16.90074', '96.09716', 0, '2017-08-26 22:29:14', '2017-08-26 22:29:14'),
(279, 'Sauk Lote Yayy (R)', 'BC239', NULL, '19', '32', '16.93922', '96.10267', 0, '2017-08-26 22:30:15', '2017-12-15 07:06:35'),
(280, 'Phone  Gyi  kyaung (R)', 'BC240', NULL, '19', '32', '16.94269', '96.10271', 0, '2017-08-26 22:31:14', '2017-08-26 22:31:14'),
(281, 'Myin Hle Gate (R)', 'BC241', NULL, '19', '32', '16.94576', '96.10248', 0, '2017-08-26 22:32:09', '2017-12-15 06:48:25'),
(282, 'Kan Thar Yar (R)', 'BC242', NULL, '19', '32', '16.95069', '96.10048', 0, '2017-08-26 22:34:12', '2017-08-26 22:34:12'),
(283, 'Kyaung Lann (R)', 'BC243', NULL, '19', '32', '16.95273', '96.09964', 0, '2017-08-26 22:35:10', '2017-08-26 22:35:10'),
(284, 'Sitt Tat (R)', 'BC244', NULL, '19', '32', '16.95788', '96.09757', 0, '2017-08-26 22:36:08', '2017-12-15 07:13:01'),
(285, 'Shwe Pyi Thar Kwae (R)', 'BC245', NULL, '19', '32', '16.96152', '96.09679', 0, '2017-08-26 22:37:20', '2017-12-15 07:08:35'),
(286, 'Gate Haung (R)', 'BC246', NULL, '19', '32', '16.96518', '96.09611', 0, '2017-08-26 22:38:10', '2017-08-26 22:38:10'),
(287, 'Yae 6 (R)', 'BC247', NULL, '19', '32', '16.96806', '96.09553', 0, '2017-08-26 22:38:53', '2017-08-26 22:38:53'),
(288, 'Than Phyu Saing (R)', 'BC248', NULL, '19', '32', '16.97211', '96.09464', 0, '2017-08-26 22:39:43', '2017-08-26 22:39:43'),
(289, 'Oak Pho (R)', 'BC249', NULL, '19', '32', '16.97439', '96.09424', 0, '2017-08-26 22:40:25', '2017-12-15 06:55:15'),
(290, 'Pone Nya (R)', 'BC250', NULL, '19', '32', '16.97802', '96.09368', 0, '2017-08-26 22:41:13', '2017-08-26 22:41:13'),
(291, 'Zay Yar  Thiri (R)', 'BC251', NULL, '19', '32', '16.98127', '96.09351', 0, '2017-08-26 22:42:01', '2017-08-26 22:42:01'),
(292, 'Thar Du Kan (R)', 'BC252', NULL, '19', '32', '16.98366', '96.09337', 0, '2017-08-26 22:42:45', '2017-08-26 22:42:45'),
(293, 'Thabarwa (R)', 'BC253', NULL, '19', '32', '16.98836', '96.09275', 0, '2017-08-26 22:43:30', '2017-08-26 22:43:30'),
(294, 'Nwar  Chan (R)', 'BC254', NULL, '19', '32', '16.99435', '96.09139', 0, '2017-08-26 22:44:10', '2017-08-26 22:44:10'),
(295, 'Computer University (R)', 'BC255', NULL, '19', '32', '16.99861', '96.0884', 0, '2017-08-26 22:44:59', '2017-11-01 02:41:34'),
(296, 'Pipe  Lone (R)', 'BC256', NULL, '19', '32', '17.00122', '96.08651', 0, '2017-08-26 22:45:48', '2017-08-26 22:45:48'),
(297, 'Tar Sone (R)', 'BC257', NULL, '50', '32', '17.00538', '96.0833', 1, '2017-08-26 22:46:30', '2017-11-17 12:01:36'),
(298, 'Kyaung Shae (R)', 'BC258', NULL, '50', '32', '17.00357', '96.08004', 0, '2017-08-26 22:47:11', '2017-11-17 12:02:54'),
(299, 'Gate Haung (R)', 'BC259', NULL, '50', '32', '17.00154', '96.0765', 0, '2017-08-26 22:48:13', '2017-12-12 03:53:14'),
(300, 'Zay  Than Lann (R)', 'BC260', NULL, '50', '32', '17.00157', '96.07479', 0, '2017-08-26 22:49:30', '2017-11-17 12:11:46'),
(301, 'Phayar Lay (R)', 'BC261', NULL, '50', '32', '17.00144', '96.07183', 0, '2017-08-26 22:50:09', '2017-11-17 12:12:35'),
(302, 'Jocker (R)', 'BC262', NULL, '50', '32', '17.00131', '96.06967', 0, '2017-08-26 22:50:45', '2017-11-17 12:13:08'),
(303, 'Out Gate (R)', 'BC263', NULL, '51', '32', '17.00124', '96.06751', 0, '2017-08-26 22:52:08', '2017-11-17 12:13:45'),
(304, 'Da Dwe (R)', 'BC264', NULL, '51', '32', '17.00103', '96.06282', 0, '2017-08-26 22:52:54', '2017-11-17 12:14:18'),
(305, 'Kwat Thit (R)', 'BC265', NULL, '51', '32', '17.00081', '96.05687', 0, '2017-08-26 22:53:36', '2017-11-17 12:14:45'),
(306, 'Lein kone(Gate Yinn) (R)', 'BC266', NULL, '51', '32', '17.00036', '96.05201', 0, '2017-08-26 22:54:13', '2017-11-17 12:15:16'),
(307, 'YBS-25 Gate (F)', 'BC267', NULL, '20', '21', '16.91125833', '96.21698056', 1, '2017-08-28 01:51:13', '2017-11-23 09:13:40'),
(308, '10 Mile (R)', 'BC361', NULL, '5', '21', '16.911693401472913', '96.21265201368749', 0, '2017-08-28 01:53:01', '2017-11-23 09:16:38'),
(309, 'Yone Shae(DU) (F)', 'BC268', NULL, '5', '21', '16.91504719980388', '96.21050584134218', 1, '2017-08-28 01:55:11', '2017-11-23 09:12:44'),
(310, '10 Mile (F)', 'BC269', NULL, '5', '21', '16.912988859439448', '96.21163284698366', 0, '2017-08-28 01:57:22', '2017-11-23 09:12:14'),
(311, 'A Wine(DU) (F)', 'BC270', NULL, '32', '21', '16.910024968914747', '96.21325870710257', 1, '2017-08-28 01:58:19', '2017-11-23 09:09:11'),
(312, 'Phone Gyi Kyaung Kwae (F)', 'BC272', NULL, '22', '21', '16.89914722', '96.21068889', 1, '2017-08-28 01:59:15', '2017-12-12 04:02:34'),
(313, 'Zay Lann (F)', 'BC273', NULL, '21', '21', '16.89838056', '96.20921944', 0, '2017-08-28 02:00:10', '2017-11-23 09:05:51'),
(314, 'Gate Haung (F)', 'BC274', NULL, '21', '21', '16.897397073067612', '96.20717691581967', 0, '2017-08-28 02:01:02', '2017-11-23 09:03:19'),
(315, 'Kyaung Lann (F)', 'BC275', NULL, '21', '21', '16.89649320201936', '96.20540948349185', 0, '2017-08-28 02:01:57', '2017-11-23 09:02:41'),
(316, '8/ Tha Ma (F)', 'BC276', NULL, '21', '21', '16.895387347707405', '96.2031892489797', 0, '2017-08-28 02:02:34', '2017-11-23 09:01:43'),
(317, 'Kone Tike (F)', 'BC277', NULL, '21', '21', '16.893720138576978', '96.19987384244678', 0, '2017-08-28 02:03:38', '2017-11-23 08:59:30'),
(318, '(7/8) Lann Sone 1 (F)', 'BC278', NULL, '21', '14', '16.892249190156136', '96.19699683477461', 1, '2017-08-28 02:04:31', '2017-10-23 07:01:36'),
(319, '(7/8) Lann Sone 2 (F)', 'BC279', NULL, '24', '14', '16.889852353024224', '96.19731799501233', 0, '2017-08-28 02:05:27', '2017-10-23 07:02:20'),
(320, 'Yone Shae (F)', 'BC280', NULL, '24', '14', '16.88735206920221', '96.19870601270918', 0, '2017-08-28 02:09:24', '2017-10-23 07:04:34'),
(321, 'Kone Pa Day Thar (F)', 'BC281', NULL, '24', '14', '16.884636879743706', '96.20024041465581', 0, '2017-08-28 02:10:16', '2017-10-23 07:05:40'),
(322, 'Swan In (F)', 'BC282', NULL, '24', '14', '16.88138682893222', '96.20203524581973', 0, '2017-08-28 02:10:59', '2017-10-23 07:54:36'),
(323, 'Ma Wa Ta (F)', 'BC283', NULL, '24', '14', '16.87660188627468', '96.20467077907381', 0, '2017-08-28 02:11:35', '2017-10-23 07:55:22'),
(324, 'Myin Pyaing Kwin (F)', 'BC284', NULL, '24', '14', '16.872802941758415', '96.20627978564141', 0, '2017-08-28 02:12:14', '2017-12-15 06:45:40'),
(326, 'Ka Pa Ya (F)', 'BC285', NULL, '24', '14', '16.869768570986402', '96.20752835073063', 0, '2017-08-28 02:12:53', '2017-10-23 07:57:13'),
(327, 'Ta Dar Hteik (F)', 'BC286', NULL, '24', '14', '16.866350160437282', '96.20887998325406', 0, '2017-08-28 02:13:45', '2017-10-23 07:59:50'),
(328, 'Taung Myaut Lann Sone (F)', 'BC287', NULL, '24', '14', '16.86183889', '96.21319444', 1, '2017-08-28 02:14:31', '2017-08-29 04:06:19'),
(329, 'Ta Dar Phyu (F)', 'BC288', NULL, '25', '14', '16.857676354168493', '96.21246148913315', 0, '2017-08-28 02:16:32', '2017-10-23 08:02:43'),
(330, 'Car Gyi Gate (F)', 'BC289', NULL, '25', '34', '16.8461', '96.20845556', 0, '2017-08-28 02:18:36', '2017-08-28 02:18:36'),
(331, 'Sann Pya Zay (F)', 'BC290', NULL, '25', '34', '16.84116389', '96.20638056', 0, '2017-08-28 02:21:15', '2017-08-28 02:21:15'),
(332, 'Thit Set (F)', 'BC291', NULL, '26', '34', '16.838914102796153', '96.20749453576025', 0, '2017-08-28 02:22:18', '2017-10-23 08:06:26'),
(333, 'Kyaung Shae (F)', 'BC292', NULL, '26', '34', '16.836216872759582', '96.20761561023778', 0, '2017-08-28 02:23:01', '2017-11-01 02:55:23'),
(334, 'Chan Aye (F)', 'BC293', NULL, '26', '34', '16.833726911814633', '96.20788754686475', 0, '2017-08-28 02:24:26', '2017-10-23 08:07:28'),
(335, 'Way Bu La (F)', 'BC294', NULL, '26', '34', '16.829935269302645', '96.20793188704306', 0, '2017-08-28 02:25:08', '2017-10-23 08:07:58'),
(336, 'Thu Wana Zay (F)', 'BC295', NULL, '26', '34', '16.825374408202933', '96.20663610593851', 0, '2017-08-28 02:25:46', '2017-10-23 08:08:30'),
(337, 'Mee Done (F)', 'BC296', NULL, '26', '34', '16.823571426006225', '96.2056868702972', 0, '2017-08-28 02:26:25', '2017-10-23 08:09:03'),
(338, 'Min Din (F)', 'BC297', NULL, '26', '34', '16.822383210566873', '96.20441933814755', 0, '2017-08-28 02:27:03', '2017-10-23 08:09:40'),
(339, 'Kyaung Lann (F)', 'BC298', NULL, '26', '34', '16.81993232430607', '96.20076791128281', 0, '2017-08-28 02:27:48', '2017-11-01 02:53:23'),
(340, 'Su Paung (F)', 'BC299', NULL, '26', '34', '16.81854713553439', '96.19856214351648', 0, '2017-08-28 02:28:33', '2017-10-23 08:10:36'),
(341, 'Yay Set (F)', 'BC300', NULL, '26', '34', '16.81656393759081', '96.1946863913422', 0, '2017-08-28 02:29:10', '2017-10-23 08:11:08'),
(342, 'Thu Wana Lann Sone (F)', 'BC301', NULL, '26', '34', '16.81522504782653', '96.19140315710251', 0, '2017-08-28 02:29:50', '2017-10-23 08:11:41'),
(343, 'Kyat/Bell Zay (F)', 'BC302', NULL, '27', '15', '16.809908869705225', '96.18361283023773', 0, '2017-08-28 02:31:19', '2017-10-23 08:12:15'),
(344, 'Ar Thaw Ka (F)', 'BC303', NULL, '28', '15', '16.80736111', '96.18010278', 0, '2017-08-28 02:32:02', '2017-08-28 02:32:02'),
(345, 'Tarmwe Ba Li (F)', 'BC304', NULL, '28', '15', '16.80896932547174', '96.17771925441798', 0, '2017-08-28 02:32:47', '2017-12-15 07:22:56'),
(346, 'Tarmwe Zay (F)', 'BC305', NULL, '29', '15', '16.80805777801221', '96.17624558943044', 0, '2017-08-28 02:33:48', '2017-12-15 07:23:37'),
(347, 'Kyauk Myaung (F)', 'BC306', NULL, '29', '15', '16.80468678667738', '96.1757878221149', 0, '2017-08-28 02:34:35', '2017-10-23 08:14:09'),
(348, 'Thi Dar (F)', 'BC307', NULL, '30', '15', '16.799628265117978', '96.17570334268453', 0, '2017-08-28 02:35:57', '2017-10-23 08:14:31'),
(349, 'Aung Mingalar (F)', 'BC308', NULL, '30', '15', '16.797433611635146', '96.17659127071317', 0, '2017-08-28 02:37:18', '2017-12-12 03:32:58'),
(350, 'Lann Kyal (Pa Lar Zar) (F)', 'BC309', NULL, '30', '15', '16.794462967335082', '96.17559356769686', 0, '2017-08-28 02:38:00', '2017-10-23 08:15:29'),
(351, 'Min Ga Lar Zay (F)', 'BC310', NULL, '30', '23', '16.79165194815849', '96.17234914800406', 0, '2017-08-28 02:40:52', '2017-10-23 08:15:59'),
(352, 'Ma Sa Lar set (F)', 'BC311', NULL, '30', '23', '16.790580829844604', '96.1698591023279', 0, '2017-08-28 02:42:03', '2017-10-23 08:16:34'),
(353, 'Thein Phyu Sar Tike (F)', 'BC312', NULL, '31', '23', '16.787767084207182', '96.16769845722138', 0, '2017-08-28 02:42:48', '2017-10-23 08:16:56'),
(354, 'Thein Phyu Zay (F)', 'BC313', NULL, '31', '23', '16.784512531198015', '96.16755994838536', 0, '2017-08-28 02:44:08', '2017-10-23 08:17:30'),
(355, 'Saint Paul (F)', 'BC314', NULL, '31', '9', '16.777651909917164', '96.16726963355131', 0, '2017-08-28 02:45:33', '2017-10-23 08:18:04'),
(356, 'Kyal Ngar Pwint (F)', 'BC315', NULL, '31', '9', '16.772680293550835', '96.16703428384835', 0, '2017-08-28 02:47:11', '2017-11-01 02:49:07'),
(357, 'Bo Ka Lay Zay (F)', 'BC316', NULL, '10', '9', '16.76912222', '96.16585833', 1, '2017-08-28 02:47:52', '2017-08-29 04:06:51'),
(358, 'Bo Ka Lay Zay (R)', 'BC317', NULL, '10', '9', '16.76913611', '96.16547222', 0, '2017-08-29 02:05:16', '2017-08-29 02:05:16'),
(359, 'Saint Paul (R)', 'BC318', NULL, '31', '9', '16.7772447689812', '96.16733729379894', 1, '2017-08-29 02:21:31', '2017-10-23 08:19:22'),
(360, 'Thein Phyu Zay (R)', 'BC319', NULL, '31', '23', '16.784564226385477', '96.16764167812289', 0, '2017-08-29 02:23:56', '2017-10-23 08:20:17'),
(361, 'Thein Phyu Sar Tike (R)', 'BC320', NULL, '31', '23', '16.787836269466265', '96.16780183021297', 0, '2017-08-29 02:25:12', '2017-10-23 08:22:13'),
(362, 'Ma Sa Lar set (R)', 'BC321', NULL, '30', '23', '16.79048056', '96.16984722', 0, '2017-08-29 02:29:35', '2017-08-29 02:29:35'),
(363, 'Min Ga Lar Zay (R)', 'BC322', NULL, '30', '23', '16.79150833', '96.17230278', 0, '2017-08-29 02:32:26', '2017-08-29 02:32:26'),
(364, 'Lann Kyal (Pa Lar Zar) (R)', 'BC323', NULL, '30', '15', '16.79427590646298', '96.1756862118524', 0, '2017-08-29 02:34:05', '2017-10-23 08:22:47'),
(365, 'Aung Mingalar (R)', 'BC324', NULL, '30', '15', '16.79641725843928', '96.17678334812285', 0, '2017-08-29 02:34:48', '2017-12-12 03:33:14'),
(366, 'Thi Dar (R)', 'BC325', NULL, '30', '15', '16.79967305905864', '96.17585106382376', 0, '2017-08-29 02:36:28', '2017-10-23 08:23:38'),
(367, 'Kyauk Myaung (R)', 'BC326', NULL, '29', '15', '16.80421470290848', '96.17574397510657', 0, '2017-08-29 02:46:11', '2017-10-23 08:24:05'),
(368, 'Tarmwe Zay (R)', 'BC327', NULL, '29', '15', '16.807898503812044', '96.17629091173353', 0, '2017-08-29 02:47:09', '2017-12-15 07:24:13'),
(369, 'Ar Thaw Ka (R)', 'BC329', NULL, '28', '15', '16.80723929103538', '96.18008919149588', 0, '2017-08-29 02:56:37', '2017-10-23 08:42:37'),
(370, 'Kyat/Bell Zay (R)', 'BC330', NULL, '27', '15', '16.809039300055083', '96.18346120982164', 0, '2017-08-29 02:57:22', '2017-10-23 08:43:10'),
(371, 'Thu Wana Lann Sone (R)', 'BC331', NULL, '26', '34', '16.815054082691297', '96.19120210343237', 0, '2017-08-29 02:58:31', '2017-10-23 08:43:51'),
(372, 'Yay Set (R)', 'BC332', NULL, '26', '34', '16.81616389', '96.19392778', 0, '2017-08-29 03:00:19', '2017-08-29 03:00:19'),
(373, 'Su Paung (R)', 'BC333', NULL, '26', '34', '16.81835833', '96.19841667', 0, '2017-08-29 03:01:08', '2017-08-29 03:01:08'),
(374, 'Kyaung Lann (R)', 'BC334', NULL, '26', '34', '16.81966389', '96.20046111', 0, '2017-08-29 03:02:17', '2017-11-01 02:54:09'),
(375, 'Min Din (R)', 'BC335', NULL, '26', '34', '16.8221', '96.20421111', 0, '2017-08-29 03:03:16', '2017-08-29 03:03:16'),
(376, 'Mee Done (R)', 'BC336', NULL, '26', '34', '16.82322767165647', '96.20543458331349', 0, '2017-08-29 03:05:03', '2017-10-23 08:44:30'),
(377, 'Thu Wana Zay (R)', 'BC337', NULL, '26', '34', '16.82469038630168', '96.20641781552251', 0, '2017-08-29 03:09:43', '2017-10-23 08:44:59'),
(378, 'Way Bu La (R)', 'BC338', NULL, '26', '34', '16.82974700351178', '96.20797682209013', 0, '2017-08-29 03:10:46', '2017-10-23 08:46:02'),
(379, 'Chan Aye (R)', 'BC339', NULL, '26', '34', '16.83348441091627', '96.20800794883598', 0, '2017-08-29 03:13:04', '2017-10-23 08:46:38'),
(380, 'Kyaung Shae (R)', 'BC340', NULL, '26', '34', '16.83648270171067', '96.20768879627042', 0, '2017-08-29 03:14:21', '2017-11-01 02:55:45'),
(381, 'Sann Pya Zay (R)', 'BC341', NULL, '26', '34', '16.83946944', '96.20751944', 0, '2017-08-29 03:15:08', '2017-08-29 03:15:08'),
(382, 'Car Gyi Gate (R)', 'BC342', NULL, '25', '34', '16.84540278', '96.20816944', 0, '2017-08-29 03:18:12', '2017-08-29 03:22:35'),
(383, 'Ta Dar Phyu (R)', 'BC343', NULL, '25', '14', '16.857406549663057', '96.21224847534427', 1, '2017-08-29 03:20:47', '2017-10-23 08:47:35'),
(384, 'Taung Myaut Lann Sone (R)', 'BC344', NULL, '24', '14', '16.86231944', '96.21272222', 0, '2017-08-29 03:24:12', '2017-08-29 03:28:33'),
(385, 'Ta Dar Hteik (R)', 'BC345', NULL, '24', '14', '16.86645157902225', '96.20891705116401', 0, '2017-08-29 03:25:10', '2017-10-23 08:48:07'),
(386, 'Ka Pa Ya (R)', 'BC346', NULL, '25', '14', '16.869783074485703', '96.20759779674586', 0, '2017-08-29 03:26:35', '2017-10-23 08:48:28'),
(387, 'Myin Pyaing Kwin (R)', 'BC347', NULL, '24', '14', '16.872941567089853', '96.2063133132541', 0, '2017-08-29 03:27:47', '2017-12-15 06:46:48'),
(388, 'Ma Wa Ta (R)', 'BC348', NULL, '24', '14', '16.87626943999998', '96.20493946674594', 0, '2017-08-29 03:29:50', '2017-10-23 08:49:20'),
(389, 'Swan In (R)', 'BC349', NULL, '24', '14', '16.881116676270953', '96.20228390674583', 0, '2017-08-29 03:30:53', '2017-10-23 08:50:08'),
(390, 'Kone Pa Day Thar (R)', 'BC350', NULL, '24', '14', '16.884025433359664', '96.20068886781564', 0, '2017-08-29 03:31:44', '2017-10-23 08:50:32'),
(391, 'Yone Shae (R)', 'BC351', NULL, '24', '14', '16.88716437717726', '96.19890766140168', 0, '2017-08-29 03:32:35', '2017-10-23 08:50:58'),
(392, '(7/8) Lann Sone 1 (R)', 'BC352', NULL, '24', '14', '16.889766967528267', '96.19747728292214', 1, '2017-08-29 03:33:22', '2017-10-23 08:51:23'),
(393, '(7/8) Lann Sone 2 (R)', 'BC353', NULL, '23', '14', '16.891483079942876', '96.19753458331354', 0, '2017-08-29 03:34:11', '2017-10-23 08:51:54'),
(394, '8/ Tha Ma (R)', 'BC354', NULL, '23', '21', '16.89436875164447', '96.20321513534418', 0, '2017-08-29 03:34:58', '2017-11-23 09:14:11'),
(395, 'Kyaung Lann (R)', 'BC355', NULL, '23', '21', '16.895665127779203', '96.20572442528487', 0, '2017-08-29 03:37:13', '2017-11-23 09:14:33'),
(396, 'Gate Haung (R)', 'BC356', NULL, '23', '21', '16.89668626669669', '96.2077320887172', 0, '2017-08-29 03:38:05', '2017-11-23 09:14:53'),
(397, 'Zay Lann (R)', 'BC357', NULL, '23', '21', '16.89764826633305', '96.2096200187766', 0, '2017-08-29 03:39:03', '2017-11-23 09:15:16'),
(398, 'Phone Gyi Kyaung Kwae (R)', 'BC358', NULL, '23', '21', '16.898511323605746', '96.21131293615156', 1, '2017-08-29 03:40:28', '2017-12-12 04:03:01'),
(399, 'Moke Wa (R)', 'BC359', NULL, '21', '21', '16.90308611', '96.217425', 0, '2017-08-29 03:41:32', '2017-11-23 09:16:00'),
(400, 'A Wine(DU) (R)', 'BC360', NULL, '5', '21', '16.91042222', '96.21331944', 0, '2017-08-29 03:42:16', '2017-11-23 09:16:20'),
(401, 'Yone Shae(DU) (R)', 'BC362', NULL, '5', '21', '16.91587778', '96.21070833', 0, '2017-08-29 03:45:21', '2017-11-23 09:16:56'),
(402, '37 (DU)', 'BC363', NULL, '5', '21', '16.91621667', '96.21320278', 0, '2017-08-29 03:47:44', '2017-12-12 03:14:02'),
(403, '36 (DU)', 'BC364', NULL, '5', '21', '16.91459722', '96.21411944', 0, '2017-08-29 03:51:31', '2017-12-12 03:11:56'),
(404, '35 (DU)', 'BC365', NULL, '5', '21', '16.91288611', '96.21508611', 0, '2017-08-29 03:52:06', '2017-11-23 09:17:51'),
(405, 'YBS-25 Gate (R)', 'BC366', NULL, '20', '21', '16.91125833', '96.21698056', 0, '2017-08-29 03:52:49', '2017-11-23 09:18:14'),
(406, 'Tarmwe Ba Li (R)', 'BC328', NULL, '28', '15', '16.80932560775623', '96.17712461477458', 0, '2017-08-29 03:58:28', '2017-12-15 07:21:03'),
(407, 'Moke Wa (F)', 'BC271', NULL, '20', '21', '16.904915971307826', '96.20475699751853', 0, '2017-08-29 07:02:05', '2017-11-23 09:07:20'),
(408, '10 Mile (DU)', 'BC367', NULL, '5', '21', '16.91166389', '96.21261111', 0, '2017-08-29 07:18:37', '2017-11-23 09:13:09'),
(409, '30 Gate Yinn (F)', 'BC368', NULL, '20', '21', '16.91103611', '96.21522222', 0, '2017-08-30 05:00:20', '2017-11-23 09:18:46'),
(410, 'Mandalay Lann (F)', 'BC370', NULL, '32', '14', '16.87441667', '96.19933889', 0, '2017-08-30 05:44:30', '2017-12-15 05:47:45'),
(411, 'Sitt Taung (F)', 'BC371', NULL, '32', '14', '16.87285833', '96.19633611', 0, '2017-08-30 05:50:36', '2017-12-15 07:14:26'),
(412, 'Set Thwe Yayy (F)', 'BC373', NULL, '32', '14', '16.86973056', '96.190275', 0, '2017-08-30 06:06:28', '2017-12-15 07:04:34'),
(413, '35 (F)', 'BC374', NULL, '32', '14', '16.86816944', '96.18722222', 0, '2017-08-30 06:08:06', '2017-08-30 06:08:06'),
(414, 'Thinn win (F)', 'BC375', NULL, '32', '14', '16.86690556', '96.18484722', 0, '2017-08-30 06:09:27', '2017-08-30 06:09:27'),
(415, 'Nar Yee Sin (F)', 'BC376', NULL, '32', '14', '16.86596944', '96.18298889', 0, '2017-08-30 06:16:29', '2017-12-15 06:51:58'),
(416, 'Pinn Ya (F)', 'BC377', NULL, '33', '25', '16.85958889', '96.17626111', 0, '2017-08-30 06:23:08', '2017-12-15 06:52:59'),
(417, 'Malar Kwae (F)', 'BC378', NULL, '33', '25', '16.85678611', '96.17310556', 0, '2017-08-30 06:25:16', '2017-12-15 05:35:45'),
(418, 'Nyaung Pin (F)', 'BC379', NULL, '33', '25', '16.85422222', '96.16876389', 0, '2017-08-30 06:26:35', '2017-08-30 06:26:35'),
(419, 'Myittzu Lann (F)', 'BC380', NULL, '33', '6', '16.85086111', '96.16223889', 0, '2017-08-30 06:28:06', '2017-12-15 06:49:39'),
(420, 'Chaw Dwin Gone (F)', 'BC381', NULL, '33', '6', '16.8505956', '96.1577176', 0, '2017-08-30 06:29:35', '2017-12-12 03:41:39'),
(421, 'Kabar Aye (F)', 'BC382', NULL, '34', '6', '16.85714722', '96.15649722', 0, '2017-08-30 06:34:32', '2017-12-12 04:15:44'),
(422, 'Kabar Aye Sar Tike (F)', 'BC383', NULL, '34', '6', '16.86304444', '96.15515833', 0, '2017-08-30 06:35:48', '2017-12-12 04:21:25'),
(423, 'Nawaday (F)', 'BC384', NULL, '34', '6', '16.86748056', '96.15150833', 0, '2017-08-30 06:37:06', '2017-08-30 06:37:06'),
(424, '8 Mile Junction (F)', 'BC385', NULL, '35', '6', '16.86543889', '96.141675', 0, '2017-08-30 07:05:32', '2017-12-12 03:16:01'),
(425, '8 Mile Pann Chan (F)', 'BC386', NULL, '35', '6', '16.86694444', '96.14403611', 0, '2017-08-30 07:14:58', '2017-12-12 03:18:07'),
(426, 'Ye Baw Haung (F)', 'BC387', NULL, '35', '6', '16.86755278', '96.13661944', 0, '2017-08-30 07:16:27', '2017-08-30 07:16:27'),
(427, 'Kyike Wine (F)', 'BC388', NULL, '35', '6', '16.86652222', '96.12907222', 0, '2017-08-30 07:17:29', '2017-08-30 07:17:29'),
(428, 'Ye Yan Aung (F)', 'BC389', NULL, '35', '6', '16.86583056', '96.12520278', 0, '2017-08-30 07:18:17', '2017-11-01 03:13:10'),
(429, 'Thamine Lannsone (F)', 'BC390', NULL, '35', '6', '16.86298056', '96.12246944', 0, '2017-08-30 07:19:00', '2017-09-05 02:42:58'),
(430, 'Hledan Zay/Kyaung Shae (R)', 'BC420', NULL, '36', '2', '16.82563889', '96.12694444', 0, '2017-08-30 07:20:07', '2017-12-12 03:57:39'),
(431, 'Sa Khan Shae (F)', 'BC392', NULL, '36', '2', '16.82229', '96.12368', 0, '2017-08-30 07:20:52', '2017-09-12 07:07:03'),
(432, 'Nat sin lann (F)', 'BC393', NULL, '37', '22', '16.81446667', '96.12196944', 0, '2017-08-30 07:22:13', '2017-08-30 07:22:13'),
(433, 'Kannar Zay (F)', 'BC394', NULL, '37', '22', '16.81172778', '96.12197222', 0, '2017-08-30 07:24:10', '2017-11-01 02:48:09'),
(434, 'Nya zay (F)', 'BC395', NULL, '37', '22', '16.80870278', '96.12196944', 0, '2017-08-30 07:25:05', '2017-08-30 07:25:05'),
(435, 'Bagayar Sar Tike (F)', 'BC396', NULL, '37', '22', '16.80442222', '96.12228056', 0, '2017-08-30 07:40:18', '2017-09-12 05:40:06'),
(436, 'Thae Kwin (F)', 'BC397', NULL, '37', '22', '16.80163889', '96.12235556', 0, '2017-08-30 07:41:22', '2017-08-30 07:41:22'),
(437, 'Home Lann (F)', 'BC398', NULL, '37', '22', '16.79685556', '96.12281111', 0, '2017-08-30 07:46:34', '2017-12-12 03:59:19'),
(438, 'Zay Haung (F)', 'BC399', NULL, '37', '22', '16.79368333', '96.12308611', 0, '2017-08-30 07:52:42', '2017-08-30 07:52:42'),
(439, 'Sin minn zay (F)', 'BC400', NULL, '37', '16', '16.78965278', '96.12408889', 0, '2017-08-30 07:54:05', '2017-08-30 07:54:05'),
(440, 'Dan Ohe Set (F)', 'BC401', NULL, '37', '16', '16.78581667', '96.12548056', 0, '2017-08-30 07:54:52', '2017-12-12 03:44:28'),
(441, 'Thit Taw (F)', 'BC402', NULL, '37', '16', '16.78251389', '96.12789444', 0, '2017-08-30 07:55:50', '2017-08-30 07:55:50'),
(442, 'Htawli Kwae (F)', 'BC403', NULL, '37', '16', '16.78120278', '96.13048056', 0, '2017-08-30 07:56:54', '2017-12-12 04:01:33'),
(443, 'Thakhin mya park (F)', 'BC404', NULL, '37', '16', '16.77868889', '96.13543056', 0, '2017-08-30 08:00:01', '2017-08-30 08:00:01'),
(444, 'Thakhin mya park (R)', 'BC405', NULL, '38', '16', '16.780682236063363', '96.13596774194662', 0, '2017-08-30 08:01:16', '2018-03-16 09:46:41'),
(445, 'Jaman Hka Na (R)', 'BC406', NULL, '38', '16', '16.78302778', '96.13319167', 0, '2017-08-30 08:02:08', '2017-12-12 04:10:20'),
(446, 'Ahlone SarTike (R)', 'BC407', NULL, '38', '16', '16.78541944', '96.13110278', 0, '2017-08-30 08:03:17', '2017-12-12 03:30:15'),
(447, 'Chan Mar Pi (R)', 'BC408', NULL, '38', '16', '16.787486111', '96.12949167', 0, '2017-08-30 08:06:52', '2017-12-12 03:39:25'),
(448, 'Sin minn zay (R)', 'BC409', NULL, '38', '16', '16.79078333', '96.12781389', 0, '2017-08-30 08:07:59', '2017-08-30 08:07:59'),
(449, 'White door (R)', 'BC410', NULL, '38', '16', '16.79346111', '96.12661667', 0, '2017-08-30 08:08:51', '2017-08-30 08:08:51'),
(450, 'Home Lann (R)', 'BC411', NULL, '38', '22', '16.79818611', '96.12604444', 0, '2017-08-30 08:10:02', '2017-12-12 03:59:36'),
(451, 'Kyaung Shae (R)', 'BC412', NULL, '38', '22', '16.80012778', '96.12599722', 0, '2017-08-30 08:11:19', '2017-12-12 04:32:58'),
(452, 'Butar (R)', 'BC413', NULL, '38', '22', '16.80598056', '96.12576389', 0, '2017-08-30 08:18:33', '2017-08-30 08:18:33'),
(453, 'Nya zay (R)', 'BC414', NULL, '38', '22', '16.80934167', '96.12589444', 0, '2017-08-30 08:19:16', '2017-08-30 08:19:16'),
(454, 'Sa Linn Kwin (R)', 'BC415', NULL, '38', '22', '16.81194722', '96.12589444', 0, '2017-08-30 08:20:42', '2017-12-15 07:00:36'),
(455, 'Nat Sin Lann (R)', 'BC416', NULL, '38', '22', '16.813825', '96.12593889', 0, '2017-08-30 08:21:43', '2017-12-15 07:01:16'),
(456, 'Hanthar Wadi Gate Haung (R)', 'BC417', NULL, '38', '22', '16.81585556', '96.12592222', 0, '2017-08-30 08:35:33', '2017-12-12 03:54:28'),
(458, 'Sinmalike Away Pyay (R)', 'BC418', NULL, '39', '22', '16.81953611', '96.12285278', 0, '2017-08-30 08:36:35', '2017-09-12 06:46:41'),
(459, 'Sa Khan Shae (R)', 'BC419', NULL, '38', '22', '16.82199', '96.12335', 0, '2017-08-30 08:37:33', '2017-09-12 07:07:41'),
(461, 'Hledan Zay/Kyaung Shae (F)', 'BC391', NULL, '36', '2', '16.82542778', '96.12633889', 0, '2017-08-30 08:38:35', '2017-12-12 03:57:08'),
(462, 'Malar Saung (R)', 'BC421', NULL, '8', '2', '16.832519793955587', '96.13282539928673', 0, '2017-08-30 08:39:20', '2017-12-15 05:43:34'),
(463, 'Ta Dar Phyu (R)', 'BC422', NULL, '8', '2', '16.839279036807127', '96.13481754230315', 0, '2017-08-30 08:40:31', '2017-12-15 07:18:14'),
(464, '6 mile khwae (R)', 'BC423', NULL, '8', '2', '16.843932275679457', '96.1357146745122', 0, '2017-08-30 08:41:43', '2017-09-30 11:40:23'),
(465, 'Kyaung kwae (R)', 'BC424', NULL, '8', '2', '16.847299041866815', '96.13643938113921', 0, '2017-08-30 08:46:03', '2017-12-12 04:28:34'),
(466, '7 mile (R)', 'BC426', NULL, '8', '2', '16.856890574321447', '96.14146773788514', 0, '2017-08-30 08:47:36', '2017-09-30 11:44:52'),
(467, '8 Mile Pann Chan (R)', 'BC427', NULL, '35', '6', '16.86664167', '96.14337222', 0, '2017-08-30 08:58:58', '2017-12-12 03:18:33'),
(468, 'Nawaday (R)', 'BC428', NULL, '8', '6', '16.86758056', '96.15115833', 0, '2017-08-30 08:59:52', '2017-11-01 03:02:12'),
(469, 'Kabar Aye (R)', 'BC430', NULL, '34', '6', '16.85856111', '96.15621389', 0, '2017-08-30 09:12:35', '2017-12-12 04:16:23'),
(470, 'Chaw Dwin Gone (R)', 'BC431', NULL, '34', '6', '16.8501348', '96.1582714', 0, '2017-08-30 09:13:37', '2017-12-12 03:42:08'),
(471, 'Myittzu Lann (R)', 'BC432', NULL, '34', '6', '16.85077778', '96.16183056', 0, '2017-08-30 09:14:59', '2017-12-15 06:50:08'),
(472, 'Nyaung Pin (R)', 'BC433', NULL, '33', '25', '16.85412778', '96.16833056', 0, '2017-08-30 09:17:37', '2017-08-30 09:17:37');
INSERT INTO `bus_stops` (`id`, `name`, `code`, `label`, `street_id`, `township_id`, `lat`, `long`, `has_corner`, `created_at`, `updated_at`) VALUES
(473, 'Malar Kwae (R)', 'BC434', NULL, '33', '25', '16.85575278', '96.17113889', 0, '2017-08-30 09:18:29', '2017-12-15 05:36:27'),
(474, 'Pinn Ya (R)', 'BC435', NULL, '33', '25', '16.85940556', '96.17596389', 0, '2017-08-30 09:21:06', '2017-12-15 06:53:44'),
(475, 'Nar Yee Sin (R)', 'BC436', NULL, '32', '14', '16.86626111', '96.18328056', 0, '2017-08-30 09:21:49', '2017-12-15 06:54:06'),
(476, 'Thinn win (R)', 'BC437', NULL, '32', '14', '16.86818611', '96.1869', 0, '2017-08-30 09:22:35', '2017-08-30 09:22:35'),
(477, '35 (R)', 'BC438', NULL, '32', '14', '16.86828056', '96.18704722', 0, '2017-08-30 09:23:35', '2017-08-30 09:23:35'),
(478, 'Set Thwe yayy (R)', 'BC439', NULL, '32', '14', '16.8697', '96.189875', 0, '2017-08-30 09:29:04', '2017-12-15 07:05:39'),
(479, 'Kyaung Lann (R)', 'BC440', NULL, '32', '14', '16.87124167', '96.19290278', 0, '2017-08-30 09:29:52', '2017-12-12 04:31:28'),
(480, 'Sitt Taung (R)', 'BC441', NULL, '32', '14', '16.87276944', '96.1958', 0, '2017-08-30 09:31:14', '2017-12-15 07:15:06'),
(481, 'Mandalay Lann (R)', 'BC442', NULL, '32', '14', '16.87413611', '96.198375', 0, '2017-08-30 09:32:12', '2017-12-15 05:48:32'),
(483, 'Ma wa ta (R)', 'BC443', NULL, '32', '14', '16.87681944', '96.20353056', 0, '2017-08-30 09:32:47', '2017-08-30 09:32:47'),
(484, 'Ma wa ta (F)', 'BC369', NULL, '32', '14', '16.87675556', '96.20369167', 0, '2017-08-30 10:05:43', '2017-08-30 10:05:43'),
(485, 'Kyaung Lann (F)', 'BC372', NULL, '32', '14', '16.87170278', '96.19414722', 0, '2017-09-05 02:30:14', '2017-12-12 04:30:59'),
(487, 'Kabar Aye Sar Tike (R)', 'BC429', NULL, '34', '6', '16.8611', '96.15562222', 0, '2017-09-05 03:09:41', '2017-12-12 04:22:21'),
(488, 'AD (R)', 'BC425', NULL, '8', '2', '16.854758887336683', '96.14108535173352', 0, '2017-09-05 03:19:42', '2017-09-30 11:43:03'),
(489, '30 Gate Yinn (R)', 'BC444', NULL, '20', '21', '16.91103611', '96.21522222', 0, '2017-09-05 05:19:36', '2017-11-23 09:19:05'),
(490, '7 mile (F)', 'BC445', NULL, '8', '2', '16.85701924172255', '96.14132551041598', 0, '2017-09-12 04:17:29', '2017-10-11 04:09:49'),
(491, 'AD (F)', 'BC446', NULL, '8', '2', '16.85299', '96.14066', 0, '2017-09-12 04:18:27', '2017-09-12 04:18:27'),
(492, 'Kyaung kwae (F)', 'BC447', NULL, '8', '2', '16.84723', '96.13627', 0, '2017-09-12 04:19:47', '2017-12-12 04:28:11'),
(493, '6 mile khwae (F)', 'BC448', NULL, '8', '2', '16.84471', '96.13574', 0, '2017-09-12 04:20:33', '2017-09-12 04:20:33'),
(494, 'Ta Dar Phyu (F)', 'BC449', NULL, '8', '2', '16.8373', '96.13427', 0, '2017-09-12 04:22:40', '2017-12-15 07:19:20'),
(495, 'Malar Saung (F)', 'BC450', NULL, '8', '2', '16.83252', '96.13268', 0, '2017-09-12 04:23:26', '2017-12-15 05:43:03'),
(496, 'Sinmalike Away Pyay (F)', 'BC451', NULL, '39', '22', '16.81957', '96.12279', 0, '2017-09-12 04:44:38', '2017-09-12 06:46:27'),
(497, 'Hanthar Wadi Gate Haung (F)', 'BC452', NULL, '38', '22', '16.81657', '96.12603', 0, '2017-09-12 04:47:05', '2017-12-12 03:53:55'),
(498, 'Nat Sin Lann (F)', 'BC453', NULL, '38', '22', '16.81437', '96.12602', 0, '2017-09-12 04:49:22', '2017-09-12 04:49:22'),
(499, 'Sa Linn Kwin (F)', 'BC454', NULL, '38', '22', '16.81226', '96.12598', 0, '2017-09-12 04:50:13', '2017-12-15 07:02:19'),
(500, 'Nya Zay (F)', 'BC455', NULL, '38', '22', '16.80999', '96.12597', 0, '2017-09-12 04:51:50', '2017-09-12 04:51:50'),
(501, 'Butar (F)', 'BC456', NULL, '38', '22', '16.80654', '96.12578', 0, '2017-09-12 04:52:44', '2017-09-12 04:52:44'),
(502, 'Kyaung Shae (F)', 'BC457', NULL, '38', '22', '16.80074', '96.12606', 0, '2017-09-12 04:54:34', '2017-12-12 04:32:17'),
(503, 'Home Lann (F)', 'BC458', NULL, '38', '22', '16.79783', '96.12619', 0, '2017-09-12 04:56:13', '2017-09-12 04:56:13'),
(504, 'White door (F)', 'BC459', NULL, '38', '16', '16.79445', '96.12627', 0, '2017-09-12 04:57:42', '2017-09-12 04:59:15'),
(505, 'Sin Minn Zay (F)', 'BC460', NULL, '38', '16', '16.79089', '96.1279', 0, '2017-09-12 04:58:59', '2017-09-12 04:58:59'),
(506, 'Chan Mar Pi (F)', 'BC461', NULL, '38', '16', '16.78762', '96.12946', 0, '2017-09-12 04:59:59', '2017-12-12 03:38:47'),
(507, 'Ahlone Sar Tike (F)', 'BC462', NULL, '38', '16', '16.78545', '96.13112', 0, '2017-09-12 05:00:49', '2017-12-12 03:29:43'),
(508, 'Jaman Hka Na (F)', 'BC463', NULL, '38', '16', '16.78344', '96.13299', 0, '2017-09-12 05:01:31', '2017-12-12 04:10:02'),
(509, 'Thakhin Mya park (F)', 'BC464', NULL, '38', '16', '16.780646284168853', '96.1353535160822', 0, '2017-09-12 05:03:16', '2018-03-16 09:46:05'),
(510, 'Thakhin Mya park (R)', 'BC465', NULL, '37', '16', '16.77868889', '96.13543056', 0, '2017-09-12 05:20:11', '2017-09-12 06:57:04'),
(511, 'Htawli Kwae (R)', 'BC466', NULL, '37', '16', '16.7814', '96.13034', 0, '2017-09-12 05:21:11', '2017-12-12 04:01:54'),
(512, 'Thit Taw (R)', 'BC467', NULL, '37', '16', '16.78229', '96.12803', 0, '2017-09-12 05:21:49', '2017-09-12 05:21:49'),
(513, 'Dan Ohe Set (R)', 'BC468', NULL, '37', '16', '16.78564', '96.12551', 0, '2017-09-12 05:33:52', '2017-12-12 03:44:52'),
(514, 'Sin Minn Zay (R)', 'BC469', NULL, '37', '16', '16.78954', '96.12402', 0, '2017-09-12 05:34:38', '2017-09-12 05:34:38'),
(515, 'Zay Haung (R)', 'BC470', NULL, '37', '22', '16.79319', '96.12301', 0, '2017-09-12 05:35:23', '2017-11-01 03:16:31'),
(516, 'Home Lann (R)', 'BC471', NULL, '37', '22', '16.79619', '96.12299', 0, '2017-09-12 05:36:00', '2017-09-12 05:36:00'),
(517, 'Thae Kwin (R)', 'BC472', NULL, '37', '16', '16.80085', '96.12224', 0, '2017-09-12 05:39:22', '2017-11-01 03:11:29'),
(518, 'Bagayar Sar Tike (R)', 'BC473', NULL, '37', '22', '16.80427', '96.12227', 0, '2017-09-12 05:44:13', '2017-09-12 05:44:13'),
(519, 'Nya Zay (R)', 'BC474', NULL, '37', '22', '16.80838', '96.12196', 0, '2017-09-12 05:45:00', '2017-09-12 05:45:00'),
(520, 'Kannar Zay (R)', 'BC475', NULL, '37', '22', '16.81077', '96.12193', 0, '2017-09-12 05:45:54', '2017-11-01 02:48:28'),
(521, 'Nat Sin Lann (R)', 'BC476', NULL, '37', '22', '16.81477', '96.12193', 0, '2017-09-12 05:46:47', '2017-11-01 03:01:41'),
(522, 'Sinmalike (R)', 'BC477', NULL, '37', '22', '16.81838', '96.12192', 0, '2017-09-12 05:47:26', '2017-09-12 05:47:26'),
(523, 'Thamine Lannsone  (R)', 'BC478', NULL, '35', '6', '16.86321', '96.1225', 0, '2017-09-12 05:51:42', '2017-09-12 05:51:42'),
(524, 'Ye Yan Aung (R)', 'BC479', NULL, '35', '6', '16.86583', '96.1252', 0, '2017-09-12 05:52:34', '2017-11-01 03:13:25'),
(525, 'Kyike Wine (R)', 'BC480', NULL, '35', '6', '16.86661', '96.12829', 0, '2017-09-12 05:53:16', '2017-09-12 05:53:16'),
(526, 'Ye Baw Haung (R)', 'BC481', NULL, '35', '6', '16.86754', '96.13641', 0, '2017-09-12 05:55:03', '2017-09-12 05:55:03'),
(527, '8 Mile Junction (R)', 'BC482', NULL, '35', '6', '16.86469', '96.14114', 0, '2017-09-12 06:00:47', '2017-12-12 03:17:00'),
(528, 'Sayy Gal (F)', 'BC60', NULL, '12', '12', '17.016695827769503', '96.12854332268444', 0, '2017-09-29 09:31:58', '2017-09-30 12:19:21'),
(529, 'Thayet Taw', 'BC92', NULL, '14', '4', '16.779757821000082', '96.14604721122282', 0, '2017-09-29 12:04:25', '2017-10-11 04:14:19'),
(530, 'Yangon Hospital', 'BC93', NULL, '14', '4', '16.779640', '96.150350', 0, '2017-09-29 12:05:33', '2017-09-29 12:05:33'),
(531, 'Bogyoke Zay', 'BC94', NULL, '14', '11', '16.7793572', '96.1544211', 0, '2017-09-29 12:06:39', '2017-09-29 12:06:39'),
(532, 'Sule', 'BC95', NULL, '15', '9', '16.7776916', '96.1587703', 0, '2017-09-29 12:07:31', '2017-09-29 12:07:31'),
(533, '8 Mile (R)', 'BC101', NULL, '8', '6', '16.86755660000001', '96.1417744588955', 0, '2017-09-30 06:30:42', '2017-09-30 12:07:19'),
(534, 'Maharsi (R)', 'BC102', NULL, '8', '6', '16.8725182', '96.1399533', 0, '2017-09-30 06:32:12', '2017-09-30 06:32:12'),
(535, 'A1 (R)', 'BC103', NULL, '8', '6', '16.877789266676118', '96.13763690978703', 0, '2017-09-30 06:38:01', '2017-12-12 03:24:38'),
(536, '9 Mile Khwae (R)', 'BC105', NULL, '8', '6', '16.8838324', '96.1358681', 0, '2017-09-30 06:50:36', '2017-12-12 03:22:47'),
(537, '9 Mile (R)', 'BC104', NULL, '8', '6', '16.8805392', '96.1363136', 0, '2017-09-30 07:15:51', '2017-09-30 07:15:51'),
(538, '10 Mile Kone (R)', 'BC106', NULL, '8', '7', '16.8888317', '96.1293706', 0, '2017-09-30 07:35:24', '2017-09-30 07:35:24'),
(539, 'Kyauk Taw Gyi (R)', 'BC107', NULL, '8', '7', '16.8884596', '96.1236227', 0, '2017-09-30 08:11:25', '2017-09-30 08:11:25'),
(540, 'Sawbwargyigone (R)', 'BC108', NULL, '8', '7', '16.8942259', '96.1209109', 0, '2017-09-30 08:12:54', '2017-09-30 08:12:54'),
(541, 'Htann Pin Gone (R)', 'BC109', NULL, '8', '12', '16.900323', '96.1242476', 0, '2017-09-30 08:18:09', '2017-09-30 08:18:09'),
(542, 'Kalar Phayar (R)', 'BC110', NULL, '8', '12', '16.90544536658316', '96.12888285476993', 0, '2017-09-30 08:20:52', '2017-11-01 02:47:33'),
(543, 'Pann Chan Kone (R)', 'BC163', NULL, '8', '12', '16.9114485', '96.1324432', 0, '2017-09-30 08:48:46', '2017-09-30 08:48:46'),
(544, 'BOC (R)', 'BC164', NULL, '8', '12', '16.915650', '96.134776', 0, '2017-09-30 09:50:22', '2017-10-30 05:28:36'),
(545, 'Tsay Kyaung (R)', 'BC165', NULL, '8', '12', '16.919941', '96.134194', 0, '2017-09-30 09:52:54', '2017-09-30 09:52:54'),
(546, 'Sar Tike (R)', 'BC166', NULL, '8', '12', '16.92356430186614', '96.13345371031187', 0, '2017-09-30 09:59:15', '2017-09-30 12:24:36'),
(547, 'Kha Yay Pin Lann Khwal (R)', 'BC167', NULL, '8', '12', '16.9262833', '96.1323861', 0, '2017-09-30 10:03:10', '2017-09-30 10:03:10'),
(548, 'Mingalardon Zayy (R)', 'BC168', NULL, '8', '12', '16.9352923', '96.1305374', 0, '2017-09-30 10:05:02', '2017-09-30 10:05:02'),
(549, 'Naing Ngan Yayy (R)', 'BC169', NULL, '8', '12', '16.9384798', '96.1299151', 0, '2017-09-30 10:06:36', '2017-12-15 06:51:03'),
(550, 'Kyike Ka Lei / Supply (R)', 'BC170', NULL, '12', '12', '16.9453638', '96.1278498', 0, '2017-09-30 10:08:41', '2017-09-30 10:08:41'),
(551, 'Kyike Ka Lolt (R)', 'BC171', NULL, '12', '12', '16.9538717', '96.127528', 0, '2017-09-30 10:09:58', '2017-09-30 10:09:58'),
(552, 'Wireless (R)', 'BC172', NULL, '12', '12', '16.959509', '96.127051', 0, '2017-09-30 10:17:08', '2017-09-30 10:17:08'),
(553, 'Yay Kyi Saing (R)', 'BC173', NULL, '12', '12', '16.965841', '96.127254', 0, '2017-09-30 10:19:41', '2017-09-30 10:19:41'),
(554, 'Sin Minn (R)', 'BC174', NULL, '12', '12', '16.970541', '96.126621', 0, '2017-09-30 10:21:22', '2017-09-30 10:21:22'),
(555, 'Titt Nam Bat (R)', 'BC175', NULL, '12', '12', '16.974871', '96.124240', 0, '2017-09-30 10:23:06', '2017-09-30 10:23:06'),
(556, 'Bo Chan (R)', 'BC176', NULL, '12', '12', '16.980300', '96.126643', 0, '2017-09-30 10:25:07', '2017-10-30 05:31:11'),
(557, 'Shan Su (R)', 'BC177', NULL, '12', '12', '16.987626', '96.127158', 0, '2017-09-30 10:27:13', '2017-09-30 10:27:13'),
(558, 'Yal Baw Haung (R)', 'BC178', NULL, '12', '12', '16.9912878', '96.1310524', 0, '2017-09-30 10:28:36', '2017-09-30 10:28:36'),
(559, 'Phayar Lay (R)', 'BC179', NULL, '12', '12', '16.996947', '96.130406', 0, '2017-09-30 10:30:58', '2017-11-01 03:04:22'),
(560, 'Gone Htake (R)', 'BC180', NULL, '12', '12', '17.002165', '96.129439', 0, '2017-09-30 10:33:17', '2017-09-30 10:41:48'),
(561, 'Chan Pauk (R)', 'BC181', NULL, '12', '12', '17.009604', '96.127454', 0, '2017-09-30 10:39:56', '2017-09-30 10:39:56'),
(562, 'Yae Sin (R)', 'BC182', NULL, '12', '12', '17.011430', '96.127475', 0, '2017-09-30 10:44:11', '2017-11-01 03:14:33'),
(563, 'Mway Myuu Yayy (R)', 'BC183', NULL, '12', '12', '17.014528', '96.127368', 0, '2017-09-30 10:45:37', '2017-09-30 10:45:37'),
(564, 'Sayy Gal (R)', 'BC184', NULL, '12', '12', '17.016867', '96.128967', 0, '2017-09-30 10:47:38', '2017-11-01 02:23:33'),
(565, 'Daewoo Bus (R)', 'BC185', NULL, '12', '12', '17.018519', '96.131659', 0, '2017-09-30 10:49:17', '2017-11-01 02:23:53'),
(566, 'CP Live stocks (R)', 'BC186', NULL, '12', '12', '17.020360', '96.133296', 0, '2017-09-30 10:50:50', '2017-11-01 02:24:13'),
(567, 'Nwal Khway (R)', 'BC187', NULL, '12', '12', '17.022238', '96.134489', 0, '2017-09-30 10:52:53', '2017-11-01 02:24:34'),
(568, 'Kyaung Shyae (R)', 'BC188', NULL, '12', '12', '17.031429', '96.132148', 0, '2017-09-30 10:56:01', '2017-11-01 02:58:11'),
(569, 'Lann Thit (R)', 'BC189', NULL, '12', '12', '17.034604', '96.131445', 0, '2017-09-30 10:57:39', '2017-11-01 02:35:04'),
(570, 'Htauk Kyant Lann Sone (R)', 'BC190', NULL, '13', '12', '17.042657', '96.131981', 0, '2017-09-30 11:00:06', '2017-11-01 02:35:24'),
(571, 'Htauk Kyant Gate Yin (R)', 'BC191', NULL, '13', '12', '17.044334', '96.126107', 0, '2017-09-30 11:01:55', '2017-11-01 02:35:41'),
(572, '6 Htat Yone(Lann 30) (R)', 'BC192', NULL, '10', '9', '16.770947', '96.157527', 0, '2017-09-30 11:18:48', '2017-09-30 11:22:52'),
(573, 'Bay Li (F)', 'BC483', NULL, '26', '25', '16.86013159624457', '96.17849554479062', 0, '2017-10-14 08:42:47', '2017-10-14 10:10:48'),
(574, 'Myin Thar Zay (F)', 'BC484', NULL, '26', '25', '16.856789442127173', '96.18177856862485', 0, '2017-10-14 08:43:21', '2017-10-14 10:15:43'),
(575, 'Thanat Pyit Kwin (F)', 'BC485', NULL, '26', '25', '16.854520234694192', '96.18369098365247', 0, '2017-10-14 08:44:16', '2017-10-14 10:34:54'),
(576, 'South Oakkalarpa Pagoda (F)', 'BC486', NULL, '26', '25', '16.852859383490394', '96.18524130046308', 0, '2017-10-14 08:45:30', '2017-10-14 10:48:12'),
(577, 'Phayar Lann (F)', 'BC487', NULL, '40', '25', '16.847815132394974', '96.18158544957578', 0, '2017-10-14 08:46:05', '2017-12-15 06:56:16'),
(578, 'Oakkalar Sar Tike (F)', 'BC488', NULL, '40', '25', '16.846336486736018', '96.17989834010541', 0, '2017-10-14 08:46:42', '2017-10-14 10:54:31'),
(579, 'Pone Nami (F)', 'BC489', NULL, '40', '25', '16.843379160754402', '96.17643024384915', 0, '2017-10-14 08:47:32', '2017-10-14 10:57:39'),
(580, 'Baho Zay (F)', 'BC490', NULL, '40', '31', '16.84057325232153', '96.17266978681027', 0, '2017-10-14 08:48:07', '2017-10-14 11:03:52'),
(581, 'Than Lann (F)', 'BC491', NULL, '40', '31', '16.839115087690498', '96.16967778265416', 0, '2017-10-14 08:48:44', '2017-10-14 11:15:01'),
(582, 'Moe Kaung (F)', 'BC492', NULL, '40', '31', '16.83776216785576', '96.16613324344098', 0, '2017-10-14 08:49:16', '2017-12-15 06:40:43'),
(583, 'Yankin Sar Tike (F)', 'BC493', NULL, '41', '31', '16.83479443887144', '96.16261686742246', 0, '2017-10-14 08:50:14', '2017-10-14 11:37:17'),
(584, '12 Lone Tann (F)', 'BC494', NULL, '41', '31', '16.830758663580525', '96.16343225896298', 0, '2017-10-14 08:53:02', '2017-10-14 11:39:57'),
(585, 'Yankin Zay (F)', 'BC495', NULL, '42', '31', '16.828930726882824', '96.1592211908096', 0, '2017-10-14 08:54:31', '2017-10-14 11:59:09'),
(586, 'Settmu 1 (F)', 'BC496', NULL, '42', '31', '16.827657322354426', '96.15720953404843', 0, '2017-10-14 08:55:21', '2017-10-14 12:01:21'),
(587, 'Settmu (1) Myanmar Plaza (F)', 'BC497', NULL, '34', '31', '16.82732099835853', '96.15429665505826', 0, '2017-10-14 08:56:06', '2017-10-14 12:04:37'),
(588, 'Koat Kine (F)', 'BC498', NULL, '44', '2', '16.823534102999428', '96.15314330518186', 0, '2017-10-14 08:56:40', '2017-10-14 12:06:33'),
(589, 'Innyar Myaing (F)', 'BC499', NULL, '44', '2', '16.824828074400823', '96.1471888011688', 0, '2017-10-14 08:57:19', '2017-12-12 04:08:13'),
(590, 'Than Lwin (F)', 'BC500', NULL, '44', '2', '16.824227303063356', '96.14518787324369', 0, '2017-10-14 08:57:44', '2017-10-14 12:11:26'),
(591, 'UFL (F)', 'BC501', NULL, '44', '2', '16.825115622401096', '96.14244129121244', 0, '2017-10-14 08:58:22', '2017-10-14 12:14:06'),
(592, 'Kyaung Lann (F)', 'BC502', NULL, '44', '2', '16.82592178143221', '96.13848771512448', 0, '2017-10-14 08:58:56', '2017-10-14 12:16:20'),
(593, 'Kyaung Shae (F)', 'BC503', NULL, '44', '2', '16.826455795717074', '96.13218452393949', 0, '2017-10-14 08:59:34', '2017-10-14 12:18:33'),
(594, 'Thinbaw Kyin (F)', 'BC504', NULL, '45', '2', '16.824473773586085', '96.12299795806348', 0, '2017-10-14 09:00:34', '2017-10-14 12:24:12'),
(595, 'Yay Kyaung (F)', 'BC505', NULL, '45', '2', '16.8298138895123', '96.12185265481412', 0, '2017-10-14 09:01:09', '2017-10-14 12:26:40'),
(596, 'Ywar Ma Kwae (F)', 'BC506', NULL, '45', '1', '16.83320273115241', '96.12074490249097', 0, '2017-10-14 09:01:41', '2017-11-01 03:15:24'),
(597, 'Chaung Wa (F)', 'BC507', NULL, '45', '1', '16.833654572122864', '96.1166974490875', 0, '2017-10-14 09:02:05', '2017-10-14 12:32:41'),
(598, 'Butar Yone Lann (F)', 'BC508', NULL, '45', '1', '16.83711009298346', '96.11362900197446', 0, '2017-10-14 09:02:48', '2017-10-14 12:34:41'),
(599, 'O-One (F)', 'BC509', NULL, '45', '1', '16.84068877544766', '96.11284579694211', 0, '2017-10-14 09:03:13', '2017-10-14 12:37:20'),
(600, 'Thiri Mingalar Zay Thit (F)', 'BC510', NULL, '45', '1', '16.843548592136795', '96.11228789746701', 0, '2017-10-14 09:03:38', '2017-10-14 12:39:38'),
(601, 'Thiri Mingalar Zay Thit (R)', 'BC511', NULL, '45', '1', '16.84304286468248', '96.11218865573346', 0, '2017-10-14 09:09:14', '2017-10-14 12:40:39'),
(602, 'O-One (R)', 'BC512', NULL, '45', '1', '16.840940358900557', '96.11266608893811', 0, '2017-10-14 09:09:59', '2017-10-14 12:38:17'),
(603, 'Butar Yone Lann (R)', 'BC513', NULL, '45', '1', '16.8376646134902', '96.11340369641721', 0, '2017-10-14 09:11:00', '2017-10-14 12:36:01'),
(604, 'Chaung Wa (R)', 'BC514', NULL, '45', '1', '16.833546746534665', '96.1162843888992', 0, '2017-10-14 09:12:09', '2017-10-14 12:33:45'),
(606, 'Ywar Ma Kwae (R)', 'BC515', NULL, '45', '1', '16.83310003987243', '96.12071673929631', 0, '2017-10-14 09:13:24', '2017-11-01 03:15:56'),
(607, 'Yay Kyaung (R)', 'BC516', NULL, '45', '2', '16.829403116708484', '96.12189288794934', 0, '2017-10-14 09:13:52', '2017-10-14 12:27:36'),
(608, 'Thinbaw Kyin (R)', 'BC517', NULL, '45', '2', '16.824428844087596', '96.122912127375', 0, '2017-10-14 09:14:21', '2017-10-14 12:25:24'),
(609, 'Kyaung Shae (R)', 'BC518', NULL, '44', '2', '16.826329994410457', '96.13230522334516', 0, '2017-10-14 09:14:57', '2017-10-14 12:19:33'),
(610, 'Kyaung Lann (R)', 'BC519', NULL, '44', '2', '16.825778008098347', '96.13877202928006', 0, '2017-10-14 09:15:21', '2017-10-14 12:17:09'),
(611, 'UFL (R)', 'BC520', NULL, '44', '2', '16.825133594136584', '96.14215429484784', 0, '2017-10-14 09:15:53', '2017-10-14 12:15:16'),
(612, 'Than Lwin (R)', 'BC521', NULL, '44', '2', '16.82412460691761', '96.14524688184201', 0, '2017-10-14 09:16:32', '2017-10-14 12:12:27'),
(613, 'Innyar Myaing (R)', 'BC522', NULL, '44', '2', '16.824699704616958', '96.14715661466062', 0, '2017-10-14 09:16:58', '2017-12-12 04:08:38'),
(614, 'Koat Kine (R)', 'BC523', NULL, '44', '2', '16.823400597510673', '96.15321840703427', 0, '2017-10-14 09:17:33', '2017-10-14 12:07:30'),
(615, 'Settmu (1) Myanmar Plaza (R)', 'BC524', NULL, '34', '31', '16.82738004765296', '96.15441735446393', 0, '2017-10-14 09:18:07', '2017-10-14 12:05:31'),
(616, 'Settmu 1 (R)', 'BC525', NULL, '42', '31', '16.827595705789157', '96.1572765892738', 0, '2017-10-14 09:19:11', '2017-10-14 12:02:31'),
(617, 'Yankin Zay (R)', 'BC526', NULL, '42', '31', '16.82884600466992', '96.15927751719892', 0, '2017-10-14 09:20:01', '2017-10-14 12:00:05'),
(618, '12 Lone Tann (R)', 'BC527', NULL, '41', '31', '16.83115402959083', '96.16344835221707', 0, '2017-10-14 09:21:28', '2017-10-14 11:41:06'),
(619, 'Yankin Sar Tike (R)', 'BC528', NULL, '41', '31', '16.83462499965378', '96.1627509778732', 0, '2017-10-14 09:22:16', '2017-10-14 11:38:34'),
(620, 'Moe Kaung (R)', 'BC529', NULL, '40', '31', '16.83764664294367', '96.1661010569328', 0, '2017-10-14 09:23:11', '2017-12-15 06:42:40'),
(621, 'Than Lann (R)', 'BC530', NULL, '40', '31', '16.839121505693214', '96.16997014343679', 0, '2017-10-14 09:23:45', '2017-10-14 11:16:05'),
(622, 'Baho Zay (R)', 'BC531', NULL, '40', '31', '16.84048853531756', '96.17273952424466', 0, '2017-10-14 09:24:26', '2017-10-14 11:05:10'),
(623, 'Pone Nami (R)', 'BC532', NULL, '40', '25', '16.843290594289634', '96.17642622053563', 0, '2017-10-14 09:24:54', '2017-10-14 10:59:17'),
(624, 'Oakkalar Sar Tike (R)', 'BC533', NULL, '40', '25', '16.846120849945336', '96.17976154744565', 0, '2017-10-14 09:25:24', '2017-10-14 10:55:19'),
(625, 'Phayar Lann (R)', 'BC534', NULL, '40', '25', '16.847748388221923', '96.18165250480115', 0, '2017-10-14 09:26:51', '2017-12-15 06:56:47'),
(626, 'South Oakkalarpa Pagoda (R)', 'BC535', NULL, '26', '25', '16.85291842481883', '96.18532444894254', 0, '2017-10-14 09:27:26', '2017-10-14 10:49:26'),
(627, 'Thanat Pyit Kwin (R)', 'BC536', NULL, '26', '25', '16.854592110460306', '96.18377413213193', 0, '2017-10-14 09:27:50', '2017-10-14 10:41:31'),
(628, 'Myin Thar Zay (R)', 'BC537', NULL, '26', '25', '16.856876718792325', '96.1818590348953', 0, '2017-10-14 09:28:18', '2017-10-14 10:22:31'),
(629, 'Bay Li (R)', 'BC538', NULL, '26', '25', '16.859936510531096', '96.17883886754453', 0, '2017-10-14 09:28:40', '2017-10-14 10:12:33'),
(630, 'Sinmalike (F)', 'BC539', NULL, '37', '22', '16.819699633876155', '96.12188685297906', 0, '2017-11-17 08:02:13', '2017-11-17 08:05:02'),
(631, 'Kyae Tamar (F)', 'BC540', NULL, '26', '25', '16.851018825012055', '96.18757482230603', 0, '2017-11-17 08:23:38', '2017-11-17 10:17:19'),
(632, 'Moe Swe (F)', 'BC541', NULL, '26', '25', '16.850084420269674', '96.18950333058774', 0, '2017-11-17 08:24:05', '2017-11-17 10:19:23'),
(633, '31 Gate (F)', 'BC542', NULL, '26', '25', '16.84900112108246', '96.19363393247068', 0, '2017-11-17 08:25:14', '2017-11-17 10:23:31'),
(634, 'Se Man Kein (F)', 'BC543', NULL, '26', '25', '16.847466008767594', '96.19832243382871', 0, '2017-11-17 08:25:39', '2017-11-17 10:25:24'),
(635, 'Licence Office (F)', 'BC544', NULL, '26', '25', '16.846105447308034', '96.20052184522092', 0, '2017-11-17 08:26:08', '2017-11-17 10:26:48'),
(636, 'Daywa Daha (F)', 'BC545', NULL, '46', '25', '16.844144167913537', '96.19890179097592', 0, '2017-11-17 08:29:20', '2017-11-17 10:28:37'),
(637, 'Bawa Myint (F)', 'BC546', NULL, '46', '25', '16.841946689368402', '96.19646098077237', 0, '2017-11-17 08:31:15', '2017-11-17 10:30:57'),
(638, 'Arnandar Phayarr (F)', 'BC547', NULL, '46', '25', '16.84079659696841', '96.19511987626493', 0, '2017-11-17 08:31:44', '2017-12-15 05:28:58'),
(639, 'Gate Haung (F)', 'BC548', NULL, '46', '25', '16.83913819249933', '96.19277562558591', 0, '2017-11-17 08:32:10', '2017-11-17 10:36:40'),
(640, 'Kyaikkasan Phayar (F)', 'BC549', NULL, '46', '25', '16.838326955300175', '96.18990566193997', 0, '2017-11-17 08:32:43', '2017-12-12 04:26:26'),
(641, '14/15 Lann Sone (F)', 'BC550', NULL, '46', '25', '16.836940655838006', '96.18588503062665', 0, '2017-11-17 08:33:11', '2017-11-17 10:40:01'),
(642, 'Yadanar Zayy (F)', 'BC551', NULL, '46', '25', '16.83604212298711', '96.18315185964047', 0, '2017-11-17 08:33:34', '2017-11-17 10:42:35'),
(643, 'Kalar Phayar (F)', 'BC552', NULL, '46', '25', '16.83494847439229', '96.18046965062558', 0, '2017-11-17 08:34:03', '2017-12-12 04:24:26'),
(644, '16 Kwae (F)', 'BC553', NULL, '47', '25', '16.83390103037963', '96.17700423657834', 0, '2017-11-17 08:43:10', '2017-11-17 10:47:42'),
(645, 'Than Lann (F)', 'BC554', NULL, '47', '31', '16.83372645581422', '96.17299701631009', 0, '2017-11-17 08:43:59', '2017-11-17 10:49:59'),
(646, 'Kyauk Kone (F)', 'BC555', NULL, '48', '31', '16.831397923795947', '96.16969253480374', 0, '2017-11-17 08:44:41', '2017-11-17 11:05:46'),
(647, 'Mhat Tan Yone (F)', 'BC556', NULL, '48', '31', '16.82761624464648', '96.17071713864743', 0, '2017-11-17 08:45:05', '2017-11-17 11:08:32'),
(648, 'A Wine Lay (F)', 'BC557', NULL, '48', '31', '16.825531539272216', '96.17138232648313', 0, '2017-11-17 08:45:39', '2017-12-15 05:26:46'),
(649, 'Gyar (F)', 'BC558', NULL, '41', '31', '16.829018016395818', '96.1637594884628', 0, '2017-11-17 08:46:14', '2017-11-17 11:13:04'),
(650, 'Gyar (R)', 'BC559', NULL, '41', '31', '16.82933123137619', '96.16385068356931', 0, '2017-11-17 08:46:56', '2017-11-17 11:13:46'),
(651, 'A Wine Lay (R)', 'BC560', NULL, '48', '31', '16.82549559587494', '96.17152716576993', 0, '2017-11-17 08:47:22', '2017-12-15 05:26:15'),
(652, 'Mhat Tan Yone (R)', 'BC561', NULL, '48', '31', '16.827297892107886', '96.17098804175794', 0, '2017-11-17 08:47:48', '2017-11-17 11:09:22'),
(653, 'Kyauk Kone (R)', 'BC562', NULL, '48', '31', '16.831623846568927', '96.16975154340207', 0, '2017-11-17 08:48:12', '2017-11-17 11:06:56'),
(654, 'Than Lann (R)', 'BC563', NULL, '47', '31', '16.83362376481825', '96.17301310956418', 0, '2017-11-17 08:52:27', '2017-11-17 10:51:06'),
(655, '16 Kwae (R)', 'BC564', NULL, '47', '25', '16.83373672491075', '96.17660726964414', 0, '2017-11-17 08:53:21', '2017-11-17 10:48:28'),
(656, 'Kalar Phayar (R)', 'BC565', NULL, '46', '25', '16.83482011146696', '96.18055548131406', 0, '2017-11-17 08:53:52', '2017-12-12 04:25:07'),
(657, 'Yadanar Zayy (R)', 'BC566', NULL, '46', '25', '16.835942000491094', '96.18314917743146', 0, '2017-11-17 08:55:12', '2017-11-17 10:43:43'),
(658, '14/15 Lann Sone (R)', 'BC567', NULL, '46', '25', '16.836868773366863', '96.18597622573316', 0, '2017-11-17 08:55:38', '2017-11-17 10:40:41'),
(659, 'Kyaikkasan Phayar (R)', 'BC568', NULL, '46', '25', '16.838219132372714', '96.18992443740308', 0, '2017-11-17 09:08:50', '2017-12-12 04:27:16'),
(660, 'Gate Haung (R)', 'BC569', NULL, '46', '25', '16.839133058097605', '96.19317795693814', 0, '2017-11-17 09:09:20', '2017-11-17 10:37:22'),
(661, 'Arnandar Phayarr (R)', 'BC570', NULL, '46', '25', '16.840668238008124', '96.19511987626493', 0, '2017-11-17 09:09:59', '2017-12-15 05:28:28'),
(662, 'Daywa Daha (R)', 'BC572', NULL, '46', '25', '16.84402094549283', '96.19895007073819', 0, '2017-11-17 10:13:00', '2017-11-17 10:29:11'),
(663, 'Licence Office (R)', 'BC573', NULL, '46', '25', '16.845879541816736', '96.20072032868802', 0, '2017-11-17 10:13:43', '2017-11-17 10:27:33'),
(664, 'Se Man Kein (R)', 'BC574', NULL, '26', '25', '16.8475353201272', '96.1985021418327', 0, '2017-11-17 10:14:06', '2017-11-17 10:26:00'),
(665, '31 Gate (R)', 'BC575', NULL, '26', '25', '16.84908840134158', '96.19374122083127', 0, '2017-11-17 10:14:35', '2017-11-17 10:24:22'),
(666, 'Moe Swe (R)', 'BC576', NULL, '26', '25', '16.850178117656746', '96.18956636249959', 0, '2017-11-17 10:14:57', '2017-11-17 10:20:13'),
(667, 'Kyae Tamar (R)', 'BC577', NULL, '26', '25', '16.851093269147434', '96.18765662968099', 0, '2017-11-17 10:15:23', '2017-11-17 10:18:12'),
(668, 'Bawa Myint (R)', 'BC571', NULL, '46', '25', '16.841772122221826', '96.19640733659207', 0, '2017-11-17 10:31:53', '2017-11-17 10:32:48'),
(669, 'YBS-12 Gate (F)', 'BC578', NULL, '24', '14', '16.914054801006188', '96.17907490193784', 0, '2017-11-23 09:23:09', '2017-11-23 09:29:34'),
(670, '50 Kwae (F)', 'BC579', NULL, '24', '14', '16.908491234836095', '96.1869927829498', 0, '2017-11-23 09:23:40', '2017-11-23 09:46:45'),
(671, 'Yone Shae (F)', 'BC580', NULL, '24', '14', '16.905419398456196', '96.18869330346524', 0, '2017-11-23 09:24:15', '2017-11-23 09:48:45'),
(672, 'Ah Aye Saing (F)', 'BC581', NULL, '24', '14', '16.90353315833051', '96.18975009381711', 0, '2017-11-23 09:24:48', '2017-11-23 09:50:44'),
(673, 'Myawadi (F)', 'BC582', NULL, '24', '14', '16.901516015356503', '96.19083370625913', 0, '2017-11-23 09:25:22', '2017-11-23 09:52:24'),
(674, '46 Lann Sone (F)', 'BC583', NULL, '24', '14', '16.898780262799747', '96.19235720097959', 0, '2017-11-23 09:26:15', '2017-11-23 09:53:33'),
(675, '45 (F)', 'BC584', NULL, '24', '14', '16.8952078132254', '96.1943581289047', 0, '2017-11-23 09:26:46', '2017-11-23 09:55:08'),
(676, '7/8 Lann Sone (F)', 'BC585', NULL, '24', '14', '16.892030534706077', '96.19608547151029', 0, '2017-11-23 09:27:33', '2017-11-23 10:00:11'),
(678, 'YBS-12 Gate (R)', 'BC635', NULL, '24', '14', '16.914177977734337', '96.17907490193784', 0, '2017-11-23 10:04:01', '2017-11-23 10:04:01'),
(679, '50 Kwae (R)', 'BC634', NULL, '24', '14', '16.908845378167754', '96.18691768109738', 0, '2017-11-23 10:04:28', '2017-11-23 10:05:27'),
(680, 'Yone Shae (R)', 'BC633', NULL, '24', '14', '16.90546815815481', '96.18878181636273', 0, '2017-11-23 10:07:07', '2017-11-23 10:13:21'),
(681, 'Ah Aye Saing (R)', 'BC632', NULL, '24', '14', '16.90312767839691', '96.19008805215299', 0, '2017-11-23 10:13:58', '2017-11-23 10:15:42'),
(682, 'Myawadi (R)', 'BC631', NULL, '24', '14', '16.901813712114564', '96.1907746976608', 0, '2017-11-23 10:17:50', '2017-11-23 10:17:50'),
(683, '46 Lann Sone (R)', 'BC630', NULL, '24', '14', '16.89837990543819', '96.19276489674985', 0, '2017-11-23 10:18:48', '2017-11-23 10:18:48'),
(684, '45 (R)', 'BC629', NULL, '24', '14', '16.894535404949405', '96.19484092652738', 0, '2017-11-23 10:20:00', '2017-11-23 10:20:00'),
(685, '7/8 Lann Sone (R)', 'BC628', NULL, '24', '14', '16.89211779508921', '96.19615520894467', 0, '2017-11-23 10:20:24', '2017-11-23 10:21:10'),
(686, 'Bally (F)', 'BC586', NULL, '33', '25', '16.86106081753793', '96.17711152493894', 0, '2017-11-23 10:24:37', '2017-11-23 10:24:37'),
(687, 'Bally (R)', 'BC627', NULL, '33', '25', '16.86113269081783', '96.17733146607816', 0, '2017-11-23 10:25:36', '2017-11-23 10:25:36'),
(688, 'Tagaung (F)', 'BC587', NULL, '52', '25', '16.854972024770337', '96.17312844455182', 0, '2017-11-23 10:28:53', '2017-11-23 10:31:50'),
(689, 'Tagaung (R)', 'BC626', NULL, '52', '25', '16.854807737594772', '96.17340471208036', 0, '2017-11-23 10:32:52', '2017-11-23 10:32:52'),
(690, 'Nandawun Zayy (F)', 'BC588', NULL, '52', '25', '16.851819739689045', '96.17592598855435', 0, '2017-11-23 10:34:26', '2017-11-23 10:34:26'),
(691, 'Nandawun Zayy (R)', 'BC625', NULL, '52', '25', '16.85196092621957', '96.1759340351814', 0, '2017-11-23 10:35:23', '2017-11-23 10:35:23'),
(692, 'Innwa (F)', 'BC589', NULL, '52', '25', '16.849504265552277', '96.17756213605344', 0, '2017-11-23 10:53:08', '2017-11-23 10:53:08'),
(693, 'Innwa (R)', 'BC624', NULL, '52', '25', '16.849576143224457', '96.17763187348783', 0, '2017-11-23 10:54:06', '2017-11-23 10:54:06'),
(694, 'Oakkalar Sar Tike (F)', 'BC590', NULL, '52', '25', '16.846793430551823', '96.17940213143766', 0, '2017-11-23 10:56:10', '2017-11-23 10:56:10'),
(695, 'Oakkalar Sar Tike (R)', 'BC623', NULL, '52', '25', '16.846908949881062', '96.17945309340894', 0, '2017-11-23 10:57:05', '2017-11-23 10:57:05'),
(696, 'Zayy Kwae (F)', 'BC591', NULL, '53', '17', '16.822363359355712', '96.16270269811093', 0, '2017-11-23 11:01:13', '2017-11-23 11:01:13'),
(697, 'Zayy Kwae (R)', 'BC622', NULL, '53', '17', '16.822455786748414', '96.16286631286084', 0, '2017-11-23 11:12:50', '2017-11-23 11:12:50'),
(698, 'Minn Lann (F)', 'BC592', NULL, '53', '17', '16.819523762490856', '96.16498794019162', 0, '2017-11-23 11:14:59', '2017-11-23 11:14:59'),
(699, 'Minn Lann (R)', 'BC621', NULL, '53', '17', '16.819518627557443', '96.16525079667508', 0, '2017-11-23 11:15:56', '2017-11-23 11:15:56'),
(700, 'Lann Sone (F)', 'BC593', NULL, '53', '17', '16.81780355201618', '96.16637732446134', 0, '2017-11-23 11:17:22', '2017-11-23 11:17:22'),
(701, 'Lann Sone (R)', 'BC620', NULL, '53', '17', '16.817834361893304', '96.16658117234647', 0, '2017-11-23 11:18:10', '2017-11-23 11:18:10'),
(702, 'Mya Lann (F)', 'BC594', NULL, '53', '17', '16.81637602221758', '96.16757358968198', 0, '2017-11-23 11:19:50', '2017-11-23 11:19:50'),
(703, 'Mya Lann (R)', 'BC619', NULL, '53', '17', '16.81613724370189', '96.167938370108', 0, '2017-11-23 11:20:56', '2017-11-23 11:20:56'),
(704, 'Tarmwe A Wine Htake 1 (F)', 'BC595', NULL, '53', '17', '16.812478503031695', '96.17059375703275', 0, '2017-11-23 11:22:01', '2017-12-12 03:27:51'),
(705, 'Tarmwe A Wine Htake 2 (R)', 'BC618', NULL, '53', '17', '16.812452827409174', '96.17084052026212', 0, '2017-11-23 11:23:35', '2017-12-12 03:28:36'),
(706, 'Tarmwe A Wine Htake 2 (F)', 'BC596', NULL, '54', '17', '16.81166458410421', '96.17012437045514', 0, '2017-11-23 11:30:42', '2017-12-12 03:28:23'),
(707, 'Tarmwe A Wine Htake 1 (R)', 'BC617', NULL, '54', '17', '16.811584989321243', '96.16977836549222', 0, '2017-11-23 11:31:51', '2017-12-12 03:28:07'),
(708, '6 Htat Gyi Phayar (F)', 'BC597', NULL, '54', '17', '16.81125377196243', '96.16546000897824', 0, '2017-11-23 11:33:21', '2017-11-23 11:33:21'),
(709, '6 Htat Gyi Phayar (R)', 'BC616', NULL, '54', '17', '16.811297420794713', '96.16599108636319', 0, '2017-11-23 11:34:36', '2017-11-23 11:34:36'),
(710, '5 Htat Gyi Phayar (F)', 'BC598', NULL, '54', '17', '16.810701741745536', '96.16293336808621', 0, '2017-11-23 11:38:05', '2017-11-23 11:38:05'),
(711, '5 Htat Gyi Phayar (R)', 'BC615', NULL, '54', '17', '16.81064011966811', '96.16318013131558', 0, '2017-11-23 11:39:11', '2017-11-23 11:39:11'),
(712, 'Bandar Pin (F)', 'BC599', NULL, '54', '17', '16.810044438554314', '96.16011168420255', 0, '2017-11-23 11:40:44', '2017-11-23 11:40:44'),
(713, 'Bandar Pin (R)', 'BC614', NULL, '54', '17', '16.809916058758848', '96.16014923512876', 0, '2017-11-23 11:42:24', '2017-11-23 11:42:24'),
(714, 'Shwe Gone Taing (East) (F)', 'BC600', NULL, '54', '17', '16.80674248259045', '96.15601863324582', 0, '2017-11-23 11:43:39', '2017-11-23 11:43:39'),
(715, 'Shwe Gone Taing (East) (R)', 'BC613', NULL, '54', '17', '16.80662950640826', '96.15610982835233', 0, '2017-11-23 11:44:49', '2017-11-23 11:44:49'),
(716, 'Shwe Gone Taing (South) (F)', 'BC601', NULL, '34', '17', '16.805129997981027', '96.15572895467221', 0, '2017-11-23 11:46:31', '2017-11-23 11:46:31'),
(717, 'Shwe Gone Taing (South) (R)', 'BC612', NULL, '34', '17', '16.80479620168408', '96.15608837068021', 0, '2017-11-23 11:48:06', '2017-11-23 11:48:06'),
(718, 'Yay Khal Saing (F)', 'BC602', NULL, '34', '17', '16.80170470653426', '96.15741338193357', 0, '2017-11-23 11:49:45', '2017-11-23 11:49:45'),
(719, 'Yay Khal Saing (R)', 'BC611', NULL, '34', '17', '16.801920393876895', '96.15730609357297', 0, '2017-11-23 11:50:47', '2017-11-23 11:50:47'),
(720, 'Bahan (3) Lann (F)', 'BC603', NULL, '55', '17', '16.797909596280594', '96.15710224568784', 0, '2017-11-23 11:52:19', '2017-11-23 11:52:19'),
(721, 'Bahan (3) Lann (R)', 'BC610', NULL, '55', '17', '16.79714953801511', '96.15697081744611', 0, '2017-11-23 11:53:11', '2017-11-23 11:53:11'),
(722, 'Kyauk Taing (F)', 'BC604', NULL, '56', '5', '16.788485685853754', '96.15728463590085', 0, '2017-11-23 11:56:40', '2017-11-23 11:56:40'),
(723, 'Kyauk Taing (R)', 'BC609', NULL, '56', '5', '16.789122520694878', '96.15735973775327', 0, '2017-11-23 11:57:49', '2017-11-23 11:57:49'),
(724, 'York Lann (F)', 'BC605', NULL, '15', '5', '16.78244078430017', '96.15896369874417', 0, '2017-11-23 11:58:22', '2017-11-23 11:59:27'),
(725, 'York Lann (R)', 'BC608', NULL, '56', '23', '16.78555827242087', '96.15944113194882', 0, '2017-11-23 12:00:43', '2017-11-23 12:00:43'),
(726, 'Sule (F)', 'BC606', NULL, '15', '9', '16.777674575073956', '96.15877594411313', 0, '2017-11-23 12:02:26', '2017-11-23 12:02:26'),
(727, 'Sule (R)', 'BC607', NULL, '15', '9', '16.77593857692723', '96.15895296990811', 0, '2017-11-23 12:03:25', '2017-11-23 12:03:25'),
(728, 'Pannsodann', 'BC636', NULL, '14', '9', '16.779148620222667', '96.16252030789792', 0, '2017-11-28 10:19:06', '2017-11-28 10:21:50'),
(729, '46', 'BC637', NULL, '14', '26', '16.77898426732295', '96.1667850202316', 0, '2017-11-28 10:19:55', '2017-11-28 10:20:54'),
(730, 'Pan Soe Dan', 'Test-1', NULL, '16', '9', '16.771783416378106', '96.16280998647153', 0, '2017-12-04 03:24:38', '2017-12-04 03:24:38'),
(731, 'Bokalay zay(F)', 'BC638', NULL, '11', '9', '16.774110112029344', '96.1658301538223', 0, '2017-12-09 06:46:48', '2017-12-09 06:47:50'),
(732, 'Lann 50(F)', 'BC639', NULL, '11', '18', '16.77389952926834', '96.17160763204038', 0, '2017-12-09 06:49:09', '2017-12-09 06:51:04'),
(733, 'Gandhi(F)', 'BC640', NULL, '11', '18', '16.773817350566567', '96.1742040103668', 0, '2017-12-09 06:50:19', '2017-12-09 06:51:25'),
(734, 'Ocean(F)', 'BC641', NULL, '11', '18', '16.773606767481226', '96.17778744161069', 0, '2017-12-09 06:52:18', '2017-12-09 06:52:18'),
(735, 'Linnsadaung(R)', 'BC642', NULL, '10', '18', '16.769235831748293', '96.18015851437985', 0, '2017-12-09 06:54:15', '2017-12-09 06:56:21'),
(736, 'Botahtaung(R)', 'BC643', NULL, '10', '18', '16.76951832769441', '96.17205824315488', 0, '2017-12-09 06:55:06', '2017-12-09 06:55:06'),
(737, 'Bokalayzay(R)', 'BC644', NULL, '10', '18', '16.769163923622276', '96.16566385686338', 0, '2017-12-09 06:56:07', '2017-12-09 06:56:07');

-- --------------------------------------------------------

--
-- Table structure for table `migrations`
--

CREATE TABLE `migrations` (
  `id` int(10) UNSIGNED NOT NULL,
  `migration` varchar(191) COLLATE utf8mb4_unicode_ci NOT NULL,
  `batch` int(11) NOT NULL
) ENGINE=InnoDB DEFAULT CHARSET=utf8mb4 COLLATE=utf8mb4_unicode_ci;

--
-- Dumping data for table `migrations`
--

INSERT INTO `migrations` (`id`, `migration`, `batch`) VALUES
(1, '2014_10_12_000000_create_users_table', 1),
(2, '2014_10_12_100000_create_password_resets_table', 1),
(3, '2017_06_20_050232_create_permission_tables', 1),
(4, '2017_07_20_040722_create_bus_table', 1),
(5, '2017_07_20_040740_create_bus_stops_table', 1),
(6, '2017_07_27_090021_add_bus_busstop_table', 1),
(7, '2017_08_02_090254_add_flags_to_bus_stops_table', 2),
(8, '2017_08_02_092417_add_operator_to_bus_table', 2),
(9, '2017_08_02_092627_create_towhships_table', 2),
(10, '2017_08_02_092659_create_streets_table', 2),
(11, '2017_08_20_035205_add_type_to_bus_busstop_table', 3),
(12, '2017_08_22_155515_add_order_in_bus_busstop_table', 4);

-- --------------------------------------------------------

--
-- Table structure for table `model_has_permissions`
--

CREATE TABLE `model_has_permissions` (
  `permission_id` int(10) UNSIGNED NOT NULL,
  `model_id` int(10) UNSIGNED NOT NULL,
  `model_type` varchar(191) COLLATE utf8mb4_unicode_ci NOT NULL
) ENGINE=InnoDB DEFAULT CHARSET=utf8mb4 COLLATE=utf8mb4_unicode_ci;

-- --------------------------------------------------------

--
-- Table structure for table `model_has_roles`
--

CREATE TABLE `model_has_roles` (
  `role_id` int(10) UNSIGNED NOT NULL,
  `model_id` int(10) UNSIGNED NOT NULL,
  `model_type` varchar(191) COLLATE utf8mb4_unicode_ci NOT NULL
) ENGINE=InnoDB DEFAULT CHARSET=utf8mb4 COLLATE=utf8mb4_unicode_ci;

--
-- Dumping data for table `model_has_roles`
--

INSERT INTO `model_has_roles` (`role_id`, `model_id`, `model_type`) VALUES
(1, 1, 'App\\User'),
(2, 2, 'App\\User'),
(2, 3, 'App\\User');

-- --------------------------------------------------------

--
-- Table structure for table `password_resets`
--

CREATE TABLE `password_resets` (
  `email` varchar(191) COLLATE utf8mb4_unicode_ci NOT NULL,
  `token` varchar(191) COLLATE utf8mb4_unicode_ci NOT NULL,
  `created_at` timestamp NULL DEFAULT NULL
) ENGINE=InnoDB DEFAULT CHARSET=utf8mb4 COLLATE=utf8mb4_unicode_ci;

-- --------------------------------------------------------

--
-- Table structure for table `permissions`
--

CREATE TABLE `permissions` (
  `id` int(10) UNSIGNED NOT NULL,
  `name` varchar(191) COLLATE utf8mb4_unicode_ci NOT NULL,
  `guard_name` varchar(191) COLLATE utf8mb4_unicode_ci NOT NULL,
  `created_at` timestamp NULL DEFAULT NULL,
  `updated_at` timestamp NULL DEFAULT NULL
) ENGINE=InnoDB DEFAULT CHARSET=utf8mb4 COLLATE=utf8mb4_unicode_ci;

--
-- Dumping data for table `permissions`
--

INSERT INTO `permissions` (`id`, `name`, `guard_name`, `created_at`, `updated_at`) VALUES
(1, 'browse_dashboard', 'web', '2017-07-27 02:35:37', '2017-07-27 02:35:37'),
(2, 'browse_admin', 'web', '2017-07-27 02:35:37', '2017-07-27 02:35:37'),
(3, 'browse_user', 'web', '2017-07-27 02:35:37', '2017-07-27 02:35:37'),
(4, 'create_user', 'web', '2017-07-27 02:35:37', '2017-07-27 02:35:37'),
(5, 'update_user', 'web', '2017-07-27 02:35:37', '2017-07-27 02:35:37'),
(6, 'delete_user', 'web', '2017-07-27 02:35:37', '2017-07-27 02:35:37'),
(7, 'browse_role', 'web', '2017-07-27 02:35:38', '2017-07-27 02:35:38'),
(8, 'create_role', 'web', '2017-07-27 02:35:38', '2017-07-27 02:35:38'),
(9, 'update_role', 'web', '2017-07-27 02:35:38', '2017-07-27 02:35:38'),
(10, 'delete_role', 'web', '2017-07-27 02:35:38', '2017-07-27 02:35:38'),
(11, 'browse_permission', 'web', '2017-07-27 02:35:38', '2017-07-27 02:35:38'),
(12, 'create_permission', 'web', '2017-07-27 02:35:38', '2017-07-27 02:35:38'),
(13, 'update_permission', 'web', '2017-07-27 02:35:38', '2017-07-27 02:35:38'),
(14, 'delete_permission', 'web', '2017-07-27 02:35:38', '2017-07-27 02:35:38'),
(15, 'browse_product', 'web', '2017-07-27 02:35:38', '2017-07-27 02:35:38'),
(16, 'create_product', 'web', '2017-07-27 02:35:38', '2017-07-27 02:35:38'),
(17, 'update_product', 'web', '2017-07-27 02:35:38', '2017-07-27 02:35:38'),
(18, 'delete_product', 'web', '2017-07-27 02:35:38', '2017-07-27 02:35:38');

-- --------------------------------------------------------

--
-- Table structure for table `roles`
--

CREATE TABLE `roles` (
  `id` int(10) UNSIGNED NOT NULL,
  `name` varchar(191) COLLATE utf8mb4_unicode_ci NOT NULL,
  `guard_name` varchar(191) COLLATE utf8mb4_unicode_ci NOT NULL,
  `created_at` timestamp NULL DEFAULT NULL,
  `updated_at` timestamp NULL DEFAULT NULL
) ENGINE=InnoDB DEFAULT CHARSET=utf8mb4 COLLATE=utf8mb4_unicode_ci;

--
-- Dumping data for table `roles`
--

INSERT INTO `roles` (`id`, `name`, `guard_name`, `created_at`, `updated_at`) VALUES
(1, 'admin', 'web', '2017-07-27 02:35:37', '2017-07-27 02:35:37'),
(2, 'user', 'web', '2017-07-27 02:43:57', '2017-07-27 02:43:57');

-- --------------------------------------------------------

--
-- Table structure for table `role_has_permissions`
--

CREATE TABLE `role_has_permissions` (
  `permission_id` int(10) UNSIGNED NOT NULL,
  `role_id` int(10) UNSIGNED NOT NULL
) ENGINE=InnoDB DEFAULT CHARSET=utf8mb4 COLLATE=utf8mb4_unicode_ci;

--
-- Dumping data for table `role_has_permissions`
--

INSERT INTO `role_has_permissions` (`permission_id`, `role_id`) VALUES
(1, 1),
(2, 1),
(3, 1),
(4, 1),
(5, 1),
(6, 1),
(7, 1),
(8, 1),
(9, 1),
(10, 1),
(11, 1),
(12, 1),
(13, 1),
(14, 1),
(15, 1),
(16, 1),
(17, 1),
(18, 1);

-- --------------------------------------------------------

--
-- Table structure for table `streets`
--

CREATE TABLE `streets` (
  `id` int(10) UNSIGNED NOT NULL,
  `name` varchar(191) COLLATE utf8mb4_unicode_ci NOT NULL,
  `created_at` timestamp NULL DEFAULT NULL,
  `updated_at` timestamp NULL DEFAULT NULL
) ENGINE=InnoDB DEFAULT CHARSET=utf8mb4 COLLATE=utf8mb4_unicode_ci;

--
-- Dumping data for table `streets`
--

INSERT INTO `streets` (`id`, `name`, `created_at`, `updated_at`) VALUES
(2, 'Khayae Pin Rd', '2017-08-08 22:50:13', '2017-08-08 22:50:13'),
(3, 'Danyin Gone Station Rd', '2017-08-08 22:51:29', '2017-08-08 22:51:29'),
(4, 'Lower Mingalardon Rd', '2017-08-08 22:52:14', '2017-08-08 22:52:14'),
(5, 'Unnamed Rd', '2017-08-08 22:54:46', '2017-08-08 22:54:46'),
(6, 'Baho Rd', '2017-08-08 22:55:30', '2017-08-08 22:55:30'),
(7, 'Insein Rd', '2017-08-08 22:55:49', '2017-08-08 22:55:49'),
(8, 'Pyay Rd', '2017-08-08 22:56:25', '2017-08-08 22:56:25'),
(9, 'Phone Gyi St', '2017-08-08 22:57:20', '2017-08-08 22:57:20'),
(10, 'Strand Rd', '2017-08-08 22:57:54', '2017-08-08 22:57:54'),
(11, 'Mahabandula Rd', '2017-08-16 22:00:27', '2018-03-24 04:18:48'),
(12, 'No.1 Yangon - Mandalay Hwy', '2017-08-17 20:46:25', '2017-08-17 22:23:57'),
(13, 'Yangon - Pyay Rd', '2017-08-17 23:00:07', '2017-08-17 23:00:07'),
(14, 'Bogyoke Aung San Rd', '2017-08-17 23:07:46', '2017-08-17 23:07:46'),
(15, 'Sule Pagoda Rd', '2017-08-17 23:08:06', '2017-08-17 23:08:06'),
(16, 'Merchant Rd', '2017-08-24 02:11:00', '2018-03-24 04:18:06'),
(19, 'No.4 Main Rd', '2017-08-26 10:37:54', '2017-08-26 10:37:54'),
(20, 'Bohmu Ba Htoo Rd', '2017-08-28 01:39:57', '2017-08-28 01:39:57'),
(21, 'Min Ye Kyaw Swar Rd', '2017-08-28 01:40:15', '2017-08-28 01:40:15'),
(22, 'Kyan Sittar Rd', '2017-08-28 01:40:29', '2017-08-28 01:40:29'),
(23, 'Yarzaa Dirit Rd', '2017-08-28 01:40:44', '2017-08-28 01:40:44'),
(24, 'Pyi Htaung Su Main Rd', '2017-08-28 01:40:55', '2017-08-28 01:40:55'),
(25, 'No.2 Main Rd', '2017-08-28 01:41:09', '2017-08-28 01:41:09'),
(26, 'Thanthumar Rd', '2017-08-28 01:41:21', '2017-08-28 01:41:21'),
(27, 'Upper Pazundaung Rd', '2017-08-28 01:41:38', '2017-08-28 01:41:38'),
(28, 'Thamaine Baran Rd', '2017-08-28 01:41:49', '2017-08-28 01:41:49'),
(29, 'Kyaik Ka San Rd', '2017-08-28 01:42:02', '2017-08-28 01:42:02'),
(30, 'Banyardala Rd', '2017-08-28 01:42:16', '2017-08-28 01:42:16'),
(31, 'Thein Phyu Rd', '2017-08-28 01:42:30', '2017-08-28 01:42:30'),
(32, 'Pinlone Rd', '2017-08-29 12:47:21', '2017-08-29 12:47:21'),
(33, 'Parami Rd', '2017-08-29 12:47:35', '2017-08-29 12:47:35'),
(34, 'Kabaraye Pagoda Rd', '2017-08-29 12:48:14', '2017-08-29 12:48:14'),
(35, 'Kyaik Wine Pagoda Rd', '2017-08-29 12:48:47', '2017-08-29 12:48:47'),
(36, 'Hledan Rd', '2017-08-29 12:49:13', '2017-08-29 12:49:13'),
(37, 'Kyee Myin Dine Kannar Rd', '2017-08-29 12:49:39', '2017-08-29 12:49:39'),
(38, 'Lower Kyee Myin Dine Rd', '2017-08-29 12:50:21', '2017-08-29 12:50:21'),
(39, 'Hanthar Wadi Rd', '2017-09-12 06:46:05', '2017-09-12 06:46:05'),
(40, 'Thit Sar Rd', '2017-10-14 08:31:38', '2017-10-14 08:31:38'),
(41, 'Yan Kin Rd', '2017-10-14 08:32:48', '2017-10-14 08:32:48'),
(42, 'Yan Shin Rd', '2017-10-14 08:33:02', '2017-10-14 08:33:02'),
(43, 'No.1 Industrial Rd', '2017-10-14 08:33:52', '2017-10-14 08:33:52'),
(44, 'University Avenue Rd', '2017-10-14 08:34:58', '2017-10-14 08:34:58'),
(45, 'Bayint Naung Rd', '2017-10-14 08:35:30', '2017-10-14 08:35:30'),
(46, 'Yadanar Rd', '2017-11-17 08:27:24', '2017-11-17 08:27:24'),
(47, 'Aung Zayya Rd', '2017-11-17 08:37:53', '2017-11-17 08:37:53'),
(48, 'Moe Kaung Rd', '2017-11-17 08:38:19', '2017-11-17 08:38:19'),
(49, 'Sayar San Rd', '2017-11-17 08:41:55', '2017-11-17 08:41:55'),
(50, 'Hlawgar Rd', '2017-11-17 11:58:37', '2017-11-17 11:58:37'),
(51, 'Warr Tayar Rd', '2017-11-17 11:58:55', '2017-11-17 11:58:55'),
(52, 'Thu Mingalar Rd', '2017-11-23 10:26:54', '2017-11-23 10:26:54'),
(53, 'U Chit Maung Rd', '2017-11-23 10:58:42', '2017-11-23 10:58:42'),
(54, 'Shwe Gone Taing Rd', '2017-11-23 11:24:02', '2017-11-23 11:24:02'),
(55, 'Bahan Rd', '2017-11-23 11:24:56', '2017-11-23 11:24:56'),
(56, 'Zoological Garden Rd', '2017-11-23 11:25:22', '2017-11-23 11:25:22');

-- --------------------------------------------------------

--
-- Table structure for table `townships`
--

CREATE TABLE `townships` (
  `id` int(10) UNSIGNED NOT NULL,
  `name` varchar(191) COLLATE utf8mb4_unicode_ci NOT NULL,
  `created_at` timestamp NULL DEFAULT NULL,
  `updated_at` timestamp NULL DEFAULT NULL
) ENGINE=InnoDB DEFAULT CHARSET=utf8mb4 COLLATE=utf8mb4_unicode_ci;

--
-- Dumping data for table `townships`
--

INSERT INTO `townships` (`id`, `name`, `created_at`, `updated_at`) VALUES
(1, 'Hlaing', '2017-08-03 07:25:40', '2017-08-03 07:25:40'),
(2, 'Kamaryut', '2017-08-08 23:06:50', '2017-08-08 23:06:50'),
(3, 'San Chaung', '2017-08-08 23:07:06', '2017-08-08 23:07:06'),
(4, 'Lanmadaw', '2017-08-08 23:07:51', '2017-08-09 03:51:26'),
(5, 'Dagon', '2017-08-08 23:08:28', '2017-08-08 23:08:28'),
(6, 'Mayangone', '2017-08-08 23:08:58', '2017-08-08 23:08:58'),
(7, 'Innsein', '2017-08-08 23:09:06', '2017-08-25 02:12:46'),
(8, 'Hlaingtharyar', '2017-08-08 23:10:51', '2017-08-08 23:10:51'),
(9, 'Kyauktada', '2017-08-17 19:56:57', '2017-08-17 19:56:57'),
(10, 'Pabedan', '2017-08-17 19:58:51', '2017-08-17 19:58:51'),
(11, 'Latha', '2017-08-17 20:01:16', '2017-08-17 20:01:16'),
(12, 'Mingalardon', '2017-08-17 20:36:23', '2017-08-17 20:36:23'),
(14, 'N-Dagon', '2017-08-18 19:33:31', '2017-08-18 19:33:31'),
(15, 'Tarmwe', '2017-08-18 19:33:40', '2017-08-18 19:33:40'),
(16, 'Ahlone', '2017-08-20 00:20:00', '2017-08-26 10:47:37'),
(17, 'Bahan', '2017-08-20 00:20:46', '2017-08-20 00:20:46'),
(18, 'Botahtaung', '2017-08-20 00:21:02', '2017-08-20 00:21:02'),
(19, 'Dagon Seikan', '2017-08-20 00:21:35', '2017-08-20 00:21:35'),
(20, 'Dawbon', '2017-08-20 00:21:56', '2017-08-20 00:21:56'),
(21, 'E-Dagon', '2017-08-20 00:22:18', '2017-08-20 00:22:18'),
(22, 'KyeeMyinDine', '2017-08-20 00:23:12', '2017-08-20 00:23:12'),
(23, 'Mingalar Taungnyut', '2017-08-20 00:24:55', '2017-08-20 00:24:55'),
(24, 'N-Okkalapa', '2017-08-20 00:25:48', '2017-08-20 00:25:48'),
(25, 'S-Okkalapa', '2017-08-20 00:25:56', '2017-08-20 00:25:56'),
(26, 'Pazungdaung', '2017-08-20 00:26:38', '2017-08-20 00:26:38'),
(28, 'S-Dagon', '2017-08-20 00:27:30', '2017-08-20 00:27:30'),
(29, 'Tharketa', '2017-08-20 00:27:47', '2017-08-20 00:27:47'),
(30, 'Thingangyun', '2017-08-20 00:28:18', '2017-08-20 00:28:18'),
(31, 'Yankin', '2017-08-20 00:28:34', '2017-08-20 00:28:34'),
(32, 'Shwe Pyi Thar', '2017-08-25 16:54:41', '2017-08-25 16:54:41'),
(34, 'Thingan Kyun', '2017-08-28 01:38:18', '2017-08-28 01:38:18');

-- --------------------------------------------------------

--
-- Table structure for table `users`
--

CREATE TABLE `users` (
  `id` int(10) UNSIGNED NOT NULL,
  `name` varchar(191) COLLATE utf8mb4_unicode_ci NOT NULL,
  `email` varchar(191) COLLATE utf8mb4_unicode_ci NOT NULL,
  `password` varchar(191) COLLATE utf8mb4_unicode_ci NOT NULL,
  `remember_token` varchar(100) COLLATE utf8mb4_unicode_ci DEFAULT NULL,
  `created_at` timestamp NULL DEFAULT NULL,
  `updated_at` timestamp NULL DEFAULT NULL
) ENGINE=InnoDB DEFAULT CHARSET=utf8mb4 COLLATE=utf8mb4_unicode_ci;

--
-- Dumping data for table `users`
--

INSERT INTO `users` (`id`, `name`, `email`, `password`, `remember_token`, `created_at`, `updated_at`) VALUES
(1, 'admin', 'admin@gmail.com', '$2y$10$9fa9OgBssdQsVhivD66JPekrZ33T.dkhNght0BgwjvAtfyQ55ofhy', 'G5pCTUFcAKlrZA15ObanqBFBqkKrT3ZJZd6sO6dHUqzvglzXE8GyNTXhV3fR', '2017-07-27 02:35:37', '2017-07-27 02:42:47'),
(2, 'Nay Linn', 'naylinnphyo00@gmail.com', '$2y$10$GoIZAOwZo2ooM3BL5FcJxuD8e1klxVOWZSQUKxca5PdCeli8RpDi2', 'V6nAdZGZ6uL92bnmx0g50k3iuDQAGOiz0DCxIZLon4MgAIFRJfGHlewNCi2C', '2017-07-27 02:44:38', '2017-07-27 02:44:38'),
(3, 'client', 'client@gmail.com', '$2y$10$EtkUQbse5PN8uxQ5ER8Gg.X/3e/sJgz7PYPzuFEHJcp94O5iq4hIC', 'KT1nczM7WHrHDxF7iQMoNjpYIwR8ieInvdVJD1jLkdtcnY3WsJYcBeGvxoyI', '2017-07-27 02:45:10', '2017-07-27 02:45:10');

--
-- Indexes for dumped tables
--

--
-- Indexes for table `bus`
--
ALTER TABLE `bus`
  ADD PRIMARY KEY (`id`);

--
-- Indexes for table `bus_busstop`
--
ALTER TABLE `bus_busstop`
  ADD PRIMARY KEY (`id`);

--
-- Indexes for table `bus_stops`
--
ALTER TABLE `bus_stops`
  ADD PRIMARY KEY (`id`);

--
-- Indexes for table `migrations`
--
ALTER TABLE `migrations`
  ADD PRIMARY KEY (`id`);

--
-- Indexes for table `model_has_permissions`
--
ALTER TABLE `model_has_permissions`
  ADD PRIMARY KEY (`permission_id`,`model_id`,`model_type`),
  ADD KEY `model_has_permissions_model_id_model_type_index` (`model_id`,`model_type`);

--
-- Indexes for table `model_has_roles`
--
ALTER TABLE `model_has_roles`
  ADD PRIMARY KEY (`role_id`,`model_id`,`model_type`),
  ADD KEY `model_has_roles_model_id_model_type_index` (`model_id`,`model_type`);

--
-- Indexes for table `password_resets`
--
ALTER TABLE `password_resets`
  ADD KEY `password_resets_email_index` (`email`);

--
-- Indexes for table `permissions`
--
ALTER TABLE `permissions`
  ADD PRIMARY KEY (`id`);

--
-- Indexes for table `roles`
--
ALTER TABLE `roles`
  ADD PRIMARY KEY (`id`);

--
-- Indexes for table `role_has_permissions`
--
ALTER TABLE `role_has_permissions`
  ADD PRIMARY KEY (`permission_id`,`role_id`),
  ADD KEY `role_has_permissions_role_id_foreign` (`role_id`);

--
-- Indexes for table `streets`
--
ALTER TABLE `streets`
  ADD PRIMARY KEY (`id`);

--
-- Indexes for table `townships`
--
ALTER TABLE `townships`
  ADD PRIMARY KEY (`id`);

--
-- Indexes for table `users`
--
ALTER TABLE `users`
  ADD PRIMARY KEY (`id`),
  ADD UNIQUE KEY `users_email_unique` (`email`);

--
-- AUTO_INCREMENT for dumped tables
--

--
-- AUTO_INCREMENT for table `bus`
--
ALTER TABLE `bus`
  MODIFY `id` int(10) UNSIGNED NOT NULL AUTO_INCREMENT, AUTO_INCREMENT=14;
--
-- AUTO_INCREMENT for table `bus_busstop`
--
ALTER TABLE `bus_busstop`
  MODIFY `id` int(10) UNSIGNED NOT NULL AUTO_INCREMENT, AUTO_INCREMENT=5802;
--
-- AUTO_INCREMENT for table `bus_stops`
--
ALTER TABLE `bus_stops`
  MODIFY `id` int(10) UNSIGNED NOT NULL AUTO_INCREMENT, AUTO_INCREMENT=738;
--
-- AUTO_INCREMENT for table `migrations`
--
ALTER TABLE `migrations`
  MODIFY `id` int(10) UNSIGNED NOT NULL AUTO_INCREMENT, AUTO_INCREMENT=13;
--
-- AUTO_INCREMENT for table `permissions`
--
ALTER TABLE `permissions`
  MODIFY `id` int(10) UNSIGNED NOT NULL AUTO_INCREMENT, AUTO_INCREMENT=19;
--
-- AUTO_INCREMENT for table `roles`
--
ALTER TABLE `roles`
  MODIFY `id` int(10) UNSIGNED NOT NULL AUTO_INCREMENT, AUTO_INCREMENT=3;
--
-- AUTO_INCREMENT for table `streets`
--
ALTER TABLE `streets`
  MODIFY `id` int(10) UNSIGNED NOT NULL AUTO_INCREMENT, AUTO_INCREMENT=57;
--
-- AUTO_INCREMENT for table `townships`
--
ALTER TABLE `townships`
  MODIFY `id` int(10) UNSIGNED NOT NULL AUTO_INCREMENT, AUTO_INCREMENT=35;
--
-- AUTO_INCREMENT for table `users`
--
ALTER TABLE `users`
  MODIFY `id` int(10) UNSIGNED NOT NULL AUTO_INCREMENT, AUTO_INCREMENT=4;
--
-- Constraints for dumped tables
--

--
-- Constraints for table `model_has_permissions`
--
ALTER TABLE `model_has_permissions`
  ADD CONSTRAINT `model_has_permissions_permission_id_foreign` FOREIGN KEY (`permission_id`) REFERENCES `permissions` (`id`) ON DELETE CASCADE;

--
-- Constraints for table `model_has_roles`
--
ALTER TABLE `model_has_roles`
  ADD CONSTRAINT `model_has_roles_role_id_foreign` FOREIGN KEY (`role_id`) REFERENCES `roles` (`id`) ON DELETE CASCADE;

--
-- Constraints for table `role_has_permissions`
--
ALTER TABLE `role_has_permissions`
  ADD CONSTRAINT `role_has_permissions_permission_id_foreign` FOREIGN KEY (`permission_id`) REFERENCES `permissions` (`id`) ON DELETE CASCADE,
  ADD CONSTRAINT `role_has_permissions_role_id_foreign` FOREIGN KEY (`role_id`) REFERENCES `roles` (`id`) ON DELETE CASCADE;
COMMIT;

/*!40101 SET CHARACTER_SET_CLIENT=@OLD_CHARACTER_SET_CLIENT */;
/*!40101 SET CHARACTER_SET_RESULTS=@OLD_CHARACTER_SET_RESULTS */;
/*!40101 SET COLLATION_CONNECTION=@OLD_COLLATION_CONNECTION */;
